player,position,sub_position,club,nationality,group,wc_squad_prob_pct,tier,playing_role,group_mins_per_game,exp_post_group_mins_total,country_p_advance_pct,country_p_dead_rubber_g3_pct,fitness_flag,notes,action_pts_per_90,exp_pts_per_90,total_exp_fantasy_pts,int_l5_pattern,int_l5_starts,int_absence_reason,fitness_current,tier_evidence,tier_revised,adj_exp_fantasy_pts
Mike Maignan,GK,,AC Milan,France,I,100,GK1,Starting GK,90,288,97,60,Fit,Undisputed France No.1,27.8,70.0,434.3,90/DNP/90/DNP/90,3/5,Rotated in friendlies (Samba started),Fit,Undisputed No.1; confirmed in official May 14 squad,GK1,434.3
Lucas Chevalier,GK,,PSG,France,I,0,GK3,Third GK,2,3,97,60,Fit,Officially excluded — lost PSG spot to Safonov; not played since Jan 2026; Robin Risser took 3rd GK spot,27.8,41.9,4.2,90/DNP/DNP/DNP/DNP,1/5,Not selected — lost club starting place; Deschamps cited playing time criteria,Fit (irrelevant),Confirmed excluded from official squad,GK3,0.0
Unai Simón,GK,,Athletic Club,Spain,H,95,GK1,Starting GK,90,288,97,60,Fit,Spain first choice despite domestic dip,27.8,69.6,431.6,90/DNP/90/90/90,4/5,Did not feature vs Egypt friendly (Raya started),Fit,Undisputed No.1; de la Fuente consistent choice over Raya,GK1,410.0
David Raya,GK,,Arsenal,Spain,H,82,GK2,Backup GK,5,10,97,60,Fit,Backup to Simón; plays if Simón struggles,27.8,41.6,11.5,90/DNP/bench/90/DNP,2/5,Simón first choice; Raya gets friendlies only,Fit,Elite Arsenal form but Simón immovable; confirmed No.2,GK2,9.4
Joan García,GK,,Barcelona,Spain,H,80,GK3,Third GK,2,3,97,60,Fit,3rd GK; confirmed in squad per May 9 reports,27.8,42.0,4.2,DNP/DNP/DNP/debut/DNP,0/5,Senior debut only in March 2026; previously uncapped,Fit,Reports confirm WC squad inclusion as No.3; no minutes expected,GK3,3.4
Robert Sánchez,GK,,Chelsea,Spain,H,10,GK3,Third GK,2,3,97,60,Fit,Likely cut from 55→26; García ahead of him as No.3; dropped from regular rotation,27.8,42.0,4.2,DNP/DNP/DNP/DNP/DNP,0/5,Not in Spain squads — Simón/Raya/García all ahead,Fit,Likely excluded from final 26; 4th in GK pecking order,GK3,0.4
Emiliano Martínez,GK,,Aston Villa,Argentina,J,97,GK1,Starting GK,90,291,98,70,Fit,Argentina undisputed No.1; 3x WC/Copa GG,29.6,71.2,444.1,90/90/90/90/90,5/5,N/A — started all recent games; calf scare Apr 12 was precautionary,Fit,Undisputed No.1; Golden Glove 2022; Scaloni never rotates him,GK1,430.8
Gerónimo Rulli,GK,,Marseille,Argentina,J,88,GK2,Backup GK,5,10,98,70,Fit,Confirmed No.2; 15 caps; guaranteed squad,27.8,41.5,11.5,90/DNP/DNP/DNP/DNP,1/5,Backup only; starts when Martínez is rested in friendlies,Fit,Confirmed No.2; will not play unless Martínez injured,GK2,10.1
Jordan Pickford,GK,,Everton,England,L,100,GK1,Starting GK,90,256,95,55,Fit,England settled No.1; 5th major tournament,28.4,66.9,390.8,90/DNP/DNP/90/90,3/5,Rested vs Uruguay; unused sub vs Albania,Fit,Undisputed No.1; zero competition,GK1,390.8
James Trafford,GK,,Manchester City,England,L,100,GK3,Third GK,2,3,95,55,Fit,Strong 3rd GK contender; Tuchel camp backing,27.8,41.2,4.1,DNP/90/DNP/DNP/DNP,1/5,Senior debut vs Uruguay; not called up previously,Fit,Tuchel-backed No.3; likely to travel,GK3,4.1
Dean Henderson,GK,,Crystal Palace,England,L,100,GK2,Backup GK,5,10,95,55,Fit,Confirmed England No.2; started Albania Nov 2025,27.8,40.7,11.3,90/DNP/DNP/DNP/DNP,1/5,Unused sub / not selected in other camps,Fit,Confirmed No.2 GK; started Albania; Pickford rested vs Uruguay,GK2,11.3
Nick Pope,GK,,Newcastle,England,L,0,GK3,Third GK,2,3,95,55,Managed,No call-up since Oct 2024; not in Tuchel plans; persistent shoulder/groin issues,27.8,41.2,4.1,DNP/DNP/DNP/DNP/DNP,0/5,Not selected / withdrew injured Oct 2024,Managed,Last cap Sep 2022; Tuchel not calling him up,GK3,0.0
Gregor Kobel,GK,,Borussia Dortmund,Switzerland,B,100,GK1,Starting GK,90,164,87,20,Fit,Switzerland undisputed No.1; record clean sheet run,29.0,61.1,294.5,SSSSS,5,None,Fit,Switzerland GK1 undisputed since Sommer retired from intl,GK1,294.5
Thibaut Courtois,GK,,Real Madrid,Belgium,G,100,GK1,Starting GK,90,207,92,50,Fit,Belgium No.1; returned to full training May 2026 after quad tear Mar 17; cleared to play,29.3,65.7,348.5,DNP(inj)/DNP(inj)/90/90/90,3/5,Quad tear Mar 17 and prior adductor/back issues this season,Fit,Confirmed No.1; cleared to play after quad recovery; Garcia has no hesitation,GK1,348.5
Matz Sels,GK,,Nottingham Forest,Belgium,G,0,GK2,Backup GK,5,10,92,50,Fit,Officially omitted from Belgium 26-man squad (May 15); Lammens and Penders named as backups despite Golden Glove season,27.8,39.8,11.1,90/90/DNP/DNP/90,3/5,Garcia chose Lammens/Penders over Sels — notable omission,Fit (irrelevant),Confirmed excluded from official May 15 squad,GK2,0.0
Alisson Becker,GK,,Liverpool,Brazil,C,100,GK1,Starting GK,90,202,83,20,Injury,Hamstring since Mar 18; targeting Jun 16 group opener; sharpness concern after long layoff,29.0,62.7,328.9,----,0,Hamstring Mar 18; targeting Jun 16,Targeting Jun 16; sharpness concern,GK1 undisputed when fit; Ederson covers; race vs calendar,GK1,328.9
Mark Flekken,GK,,Bayer Leverkusen,Netherlands,F,45,GK2,Backup GK,5,10,94,55,Fit,Netherlands No.2 behind Verbruggen; started vs Ecuador (rotation friendly); GK3 undersells role,27.8,40.0,11.1,90/DNP/DNP/DNP/sub,1/5,Verbruggen is No.1; Flekken gets second friendlies only,Fit,Netherlands GK2; started Ecuador friendly; Verbruggen not in our model,GK2,5.0
William Saliba,DEF,CB,Arsenal,France,I,100,1,Automatic Starter,82.4,288,97,60,Fit,France CB1; Euro 2024 ToT; non-negotiable,50.0,90.1,535.8,90/90/90/90/DNP,4/5,"Hamstring Jun 2025 — Kalulu, Konaté used",Fit,CB1; non-negotiable; confirmed in official squad,1,535.8
Dayot Upamecano,DEF,CB,Bayern Munich,France,I,100,1,Automatic Starter,82.4,288,97,60,Fit,Saliba's established partner; 35 caps,50.0,90.1,535.8,90/90/90/90/DNP,4/5,Absent Jun 2025 (same injury window as Saliba),Fit,Saliba-Upamecano first-choice pairing; confirmed in official squad,1,535.8
Jules Koundé,DEF,RB,Barcelona,France,I,100,1,Automatic Starter,82.4,288,97,60,Fit,Undisputed France first-choice RB,55.5,95.5,568.1,90/90/90/90/DNP,4/5,Injured Jun 2025 NL SF,Fit,Undisputed France RB; confirmed in official squad; outstanding Barça season,1,568.1
Leny Yoro,DEF,CB,Manchester United,France,I,0,5,Depth,3,6,97,60,Managed,Zero senior France caps; U21 captain only; confirmed not in official 26-man squad,50.0,242.6,40.4,N/A (no senior caps),0/5,Never called up to senior squad; U21 only,Managed,Confirmed excluded from official squad; next generation,5,0.0
Achraf Hakimi,DEF,RWB,PSG,Morocco,C,75,1,Automatic Starter,86.1,204,84,20,Injury,Thigh/adductor injury Apr; missed CL 2nd leg May 6; targeting CL final May 30; 2 weeks to Jun 13 Morocco opener,56.2,88.7,455.4,SSSS-,4,Thigh/adductor Apr 2026; missed CL 2nd leg,Injury: targeting CL final May 30; Jun 13 tight,T1 undisputed; Morocco RB; fitness flag only,T1,341.5
Pau Cubarsí,DEF,CB,Barcelona,Spain,H,88,1,Automatic Starter,82.4,288,97,60,Fit,17-yr-old Spain CB1; left-footed elite; Euro 2024,50.0,89.8,534.0,90/90/90/DNP/90,4/5,Not in one rotation squad,Fit,CB1 with Laporte; untouchable at 19; strong CL/La Liga season,1,469.9
Robin Le Normand,DEF,CB,Atlético Madrid,Spain,H,82,2,Regular Starter,71.0,256,97,60,Injury,Knee concerns disrupted season; expected to clear fitness before squad announcement,50.0,95.9,499.6,90/DNP/DNP/90/90,3/5,Knee injury disrupted some windows,Injury,Euro 2024 starter; de la Fuente trusts him; conditional on clearing knee fitness,2,409.7
Dean Huijsen,DEF,CB,Real Madrid,Spain,H,78,3,Impact Sub,39.0,64,97,60,Fit,5 caps; intermittent groin issues at Real Madrid; place under threat if Le Normand fit,50.0,88.1,177.2,DNP/90/DNP/sub/DNP,1/5,Groin/muscle issues at club level; in/out of squads,Managed,Only gets in if Le Normand unfit; fringe rotation CB,3,138.2
Marc Cucurella,DEF,LB,Chelsea,Spain,H,90,1,Automatic Starter,82.4,288,97,60,Fit,Euro 2024 ToT; Spain first-choice LB; minor injury concern expected clear for June,55.5,95.2,566.3,90/90/90/DNP/90,4/5,Rested in one window,Fit,Confirmed LB starter; de la Fuente first choice; Euro 2024 trust,1,509.7
Alejandro Grimaldo,DEF,LB,Bayer Leverkusen,Spain,H,72,3,Impact Sub,39.0,64,97,60,Fit,8G/7A from LB but backup to Cucurella,55.5,93.6,188.1,90/bench/DNP/90/DNP,2/5,Rotation behind Cucurella; not always selected,Fit,Clear backup LB; excellent Leverkusen season; gets rotation minutes,3,135.4
Pedro Porro,DEF,RB,Tottenham,Spain,H,92,1,Automatic Starter,82.4,288,97,60,Fit,Confirmed Spain RB starter — Carvajal ruled out entirely; Porro is the successor,55.5,95.2,566.3,90/45/90/DNP/90,3/5,HT sub vs Georgia; not selected once,Fit,Carvajal ruled out; Porro confirmed No.1 RB by de la Fuente,1,521.0
Álvaro Carreras,DEF,LB,Real Madrid,Spain,H,10,5,Depth,3,6,97,60,Fit,Likely cut 55→26; Cucurella+Grimaldo cover LB; no senior caps,55.5,249.0,41.5,DNP/DNP/DNP/DNP/DNP,0/5,Not called up to senior squad regularly; no senior caps,Fit,Likely excluded from final 26; 3rd LB option behind Cucurella/Grimaldo,5,4.2
Cristian Romero,DEF,CB,Tottenham,Argentina,J,82,1,Automatic Starter,81.5,291,98,70,Injury,Grade 2 MCL Apr 12 vs Sunderland; projected return ~Jun 12; arrives with zero match minutes; Scaloni has no comparable option,50.0,89.8,534.6,90/90/90/90/90,5/5,Fit pre-injury; Grade 2 MCL Apr 12 is only recent absence,Injury,First-choice CB; no comparable option for Scaloni — starts even with low sharpness,1,438.4
Marc Guéhi,DEF,CB,Manchester City,England,L,100,1,Automatic Starter,82.9,256,95,55,Fit,England CB1; scored first intl goal Sep 2025,50.0,86.8,486.6,83/DNP/DNP/90/68,3/5,Not in Mar 27 rotated squad,Fit,CB1 under Tuchel; first name on sheet,1,486.6
Ezri Konsa,DEF,CB,Aston Villa,England,L,100,2,Regular Starter,71.3,228,95,55,Fit,Competing for CB2 alongside Guéhi,50.0,92.6,454.5,83/DNP/90/DNP/sub76,2/5,Not in Mar 27 rotated squad; unused in Oct,Fit,Confirmed squad; CB rotation behind Guéhi/Stones,2,454.5
Trent Alexander-Arnold,DEF,RB,Real Madrid,England,L,0,3,Impact Sub,38.3,57,95,55,Fit,5 consecutive DNPs under Tuchel; in provisional 55 only due to White/Livramento injuries,55.5,91.5,174.8,DNP/DNP/DNP/DNP/DNP,0/5,Tuchel sporting decision / injury-disrupted Real Madrid season,Managed,5 DNPs; fringe inclusion; injuries to rivals only reason in provisional list,3,0.0
Jarell Quansah,DEF,CB,Bayer Leverkusen,England,L,100,4,Fringe,15.3,14,95,55,Fit,Withdrew injured Mar 2026; Leverkusen confirmed; 1 senior cap; WC hopes in doubt,50.0,121.2,80.6,DNP(inj)/DNP(inj)/90/DNP/DNP,1/5,Withdrew injured Mar 2026; unused sub previously,Injury,Only 1 cap; injury concern; fringe at best,4,80.6
Virgil van Dijk,DEF,CB,Liverpool,Netherlands,F,97,1,Automatic Starter,82.9,228,94,55,Fit,Netherlands captain; 90+ caps; still elite at 34,50.0,85.3,451.9,90/DNP/90/90/90,4/5,Rested vs Lithuania (Aké/de Ligt pairing used),Fit,Netherlands captain; record appearances; biggest lock in squad,1,438.3
Denzel Dumfries,DEF,RWB,Inter Milan,Netherlands,F,85,1,Automatic Starter,82.9,228,94,55,Fit,Netherlands automatic RWB; 11 intl goals; red card vs Ecuador isolated; fit and first choice,55.5,90.7,480.6,DNP/DNP/90/90/90,3/5,Fitness issue Nov camp — missed both matches,Fit,Confirmed starter; first-choice RB when fit; red card vs Ecuador isolated,1,408.5
Jurriën Timber,DEF,RB,Arsenal,Netherlands,F,72,2,Regular Starter,71.3,203,94,55,Injury,Groin Mar 14 (vs Everton); missed 2 months including UCL semi; possible return ~May 24; squad inclusion uncertain,55.5,96.4,446.5,90/90/DNP(inj)/DNP(inj)/90,3/5,Groin injury Mar 14 — missed both March camps and UCL semi,Injury,Koeman: only fit players selected; possible return ~May 24; if included will be rotation not starter,2,321.5
Jonathan Tah,DEF,CB,Bayern Munich,Germany,E,100,1,Automatic Starter,82.4,231,95,60,Fit,Germany CB1 alongside Schlotterbeck; started and captained vs Luxembourg; guaranteed pick per Bild,50.0,86.8,461.4,90/90/90/90/90,5/5,N/A — started all qualifiers,Fit,Confirmed starter every qualifier; Bild: guaranteed pick; not rotation,1,461.4
Nico Schlotterbeck,DEF,CB,B. Dortmund,Germany,E,100,1,Automatic Starter,82.4,231,95,60,Fit,Germany best-rated CB (FotMob 7.58); set-piece threat,50.0,86.8,461.4,90/90/90/90/90,5/5,N/A — started all qualifiers,Fit,Confirmed CB starter alongside Tah; first-choice left-footed CB,1,461.4
Maximilian Mittelstädt,DEF,LB,Stuttgart,Germany,E,0,4,Fringe,13.2,11,95,60,Fit,Not called up since Sep 2025; Raum is actual Germany LB1 (not in model); Brown leapfrogged him; squad inclusion uncertain,55.5,132.9,74.7,DNP/DNP/DNP/DNP/sub,0/5,Not selected Mar 2026; Brown ahead; Raum is established LB1,Fit,Raum is LB1 (not in our model); Mittelstädt borderline for final 26,4,0.0
Gabriel Magalhães,DEF,CB,Arsenal,Brazil,C,100,1,Automatic Starter,86.1,202,83,20,Fit,Brazil CB1 with Militão ruled out; 15 PL clean sheets,50.0,81.9,419.0,SSSSS,5,None,Fit; 15 PL clean sheets,Brazil CB1 with Militão ruled out; Arsenal PL leader,T1,419.0
Nuno Mendes,DEF,LB,PSG,Portugal,K,100,1,Automatic Starter,83.8,256,95,45,Managed,Recurring thigh issues; missed Nov 2025 qualifiers; returned Apr 24; load-managed for UCL final May 30,57.1,92.9,524.0,90/DNP(inj)/DNP(inj)/90/90,3/5,Thigh injury — missed both Nov 2025 qualifiers,Managed,First-choice LB; Martínez has no direct comparable; fitness risk ongoing,1,524.0
Rúben Dias,DEF,CB,Manchester City,Portugal,K,100,1,Automatic Starter,83.8,256,95,45,Injury,Hamstring mid-Mar 2026; missed Portugal Mar friendlies; returned to City training May 7; 5 weeks to build sharpness,50.0,85.9,484.1,DNP(inj)/DNP(inj)/90/90/90,3/5,Hamstring mid-March 2026 — missed Mar Portugal friendlies vs Mexico/USA,Injury,Portugal CB leader; back in training May 7; conditional starter — fitness watch,1,484.1
Joško Gvardiol,DEF,LB,Manchester City,Croatia,L,100,2,Regular Starter,72.0,144,82,30,Injury,Broken right leg Jan 4; surgery; back in group training May 8; confirmed in squad May 18; no competitive mins since; match fitness concern Jun 17,59.2,94.6,378.2,SSSS-,4,Broken right leg Jan 4 2026; surgery,Injury: group training May 8; confirmed selection; match fitness TBC,T1→T2: Croatia best defender but limited match fitness from broken leg; will be managed,T2,378.2
Daniel Svensson,DEF,LB,B. Dortmund,Sweden,F,100,2,Regular Starter,74.3,31,28,10,Fit,BVB LB starter; Potter confirmed key piece for Sweden; only 2 caps but nailed-on starter,55.5,77.6,219.0,SSSSS,5,None,Fit; nailed-on LB1 under Potter,"T3→T2: Potter confirmed starter; ""key piece"" quote; BVB form",T2,219.0
Michael Olise,MID,AM,Bayern Munich,France,I,100,1,Automatic Starter,82.4,288,97,60,Fit,15G/18A — best MF stats in Europe; France creative hub,106.8,137.6,818.6,90/90/65/DNP/sub,3/5,Rested vs Colombia; sub in NL 3rd place,Fit,15G/19A at Bayern; Ballon d'Or contender; confirmed starter in official squad,1,818.6
Rayan Cherki,MID,AM,Olympique Lyonnais,France,I,100,3,Impact Sub,39.0,64,97,60,Fit,Confirmed in official France squad; started vs Brazil and Colombia — rotation attacker,64.9,106.1,213.5,90/90/66/sub/sub,3/5,Impact sub / rotation role in competitive games,Fit,In official squad; started 2 of last 4 France games — more than T4 fringe,3,213.5
Maghnes Akliouche,MID,AM,AS Monaco,France,I,100,3,Impact Sub,30.0,50,97,60,Fit,Confirmed in official France squad; scored vs Azerbaijan; rotation attacker behind Olise/Dembélé/Doué,64.9,113.2,176.1,90/sub/90/sub/squad,2/5,Rotation behind established attackers,Fit,Confirmed squad; Monaco breakout season; impact sub,3,176.1
Pedri,MID,CM,Barcelona,Spain,H,91,1,Automatic Starter,82.4,288,97,60,Fit,Spain most elegant CM; returned from injury,88.7,121.7,724.0,90/DNP/DNP/90/DNP,2/5,Hamstring injury Jan 2026 (vs Slavia Prague); missed autumn windows,Fit,Fit since Feb return; confirmed starter; among most untouchable in de la Fuente plans,1,658.8
Dani Olmo,MID,AM,Barcelona,Spain,H,88,2,Regular Starter,71.0,256,97,60,Fit,Euro 2024 Golden Boot; rotates with Yamal in attack,75.2,110.6,576.2,90/90/DNP/90/DNP,3/5,Calf injury in one window; club eligibility/fitness disruptions,Fit,Euro 2024 Golden Boot; confirmed starter/key creative role,2,507.1
Rodri,MID,DM,Manchester City,Spain,H,75,1,Automatic Starter,82.4,288,97,60,Injury,Groin injury May 2026 (more serious than expected); missed City last 4+ games; WC fitness doubt,66.5,99.6,592.3,90/DNP/DNP/DNP/90,2/5,ACL recovery kept him out most of 2024-25; managed back in 2025-26,Injury,First name on sheet IF fit; groin more serious than expected — genuine doubt,1,444.2
Fabián Ruiz,MID,CM,PSG,Spain,H,73,4,Fringe,15.6,16,97,60,Injury,Left patella fissure Jan 2026; 4-month layoff; returning via CL; rotation only at WC,63.9,139.9,97.6,DNP(inj)/DNP(inj)/DNP(inj)/DNP(inj)/90,1/5,Left patella fissure Jan 20 2026 — 4-month absence,Managed,Strong CL return vs Bayern; but arrives match-shy — rotation not guaranteed starter,4,71.2
Joshua Kimmich,MID,DM,Bayern Munich,Germany,E,100,1,Automatic Starter,82.4,231,95,60,Fit,Germany midfield anchor; first name on sheet,94.1,125.2,665.2,90/90/90/90/90,5/5,"N/A — captain, started all qualifiers",Fit,Germany captain; plays RB role; 3 goals in last 10; non-negotiable,1,665.2
Florian Wirtz,MID,AM,Liverpool,Germany,E,100,1,Automatic Starter,82.4,231,95,60,Fit,Germany creative hub; £116m Liverpool adaptation complete,65.3,95.0,504.6,90/90/90/90/90,5/5,N/A — started all qualifiers and friendlies,Fit,Germany's talisman; 4 intl goals in last 10; confirmed starter,1,504.6
Angelo Stiller,MID,DM,Stuttgart,Germany,E,100,3,Impact Sub,39.0,51,95,60,Fit,Germany backup DM; Pavlovic ahead of him; started vs Switzerland when called in; squad bubble,66.5,103.2,192.6,DNP/90/DNP/DNP/DNP,1/5,Not called up Mar 2026 (Pavlovic preferred); rotation call-up only,Fit,Pavlovic ahead; fringe squad inclusion; rotation if called,3,192.6
Felix Nmecha,MID,CM,B. Dortmund,Germany,E,100,4,Fringe,15.6,13,95,60,Fit,Injury issues in 2025-26; Nagelsmann may only take one of Goretzka/Nmecha; not guaranteed in 26,63.9,133.9,89.0,DNP(inj)/DNP/90/sub/90,2/5,Injury issues; replaced by Stiller in one window,Managed,Injury record a concern; competition from Goretzka; squad not guaranteed,4,89.0
Declan Rice,MID,DM,Arsenal,England,L,100,1,Automatic Starter,82.9,256,95,55,Fit,England most important midfielder; automatic,70.4,101.6,569.5,DNP/DNP/62/65/90,3/5,Not in Mar 35-man squad (managed); left Mar 31 camp early,Fit,England's most important midfielder; certain starter,1,569.5
Jude Bellingham,MID,CM,Real Madrid,England,L,100,1,Automatic Starter,82.9,256,95,55,Injury,Hamstring Feb-Apr; missed final camp; Tuchel wants him regardless,78.1,109.3,612.7,DNP/DNP/84/sub65/DNP,1/5,Shoulder surgery summer 2025; hamstring scare; managed out of Mar camps,Fit,Central to Tuchel's plans; kept T1 — says he's feeling good,1,612.7
Cole Palmer,MID,AM,Chelsea,England,L,0,3,Impact Sub,38.3,57,95,55,Injury,Chronic pubalgia managed all season; impact sub role,64.9,104.9,200.3,59/sub56/DNP/DNP/DNP,1/5,Groin/pubalgia — missed Nov 2025 and Oct camps,Fit,Groin chronic; started Japan as positive signal; Tuchel not guaranteeing,3,0.0
Eberechi Eze,MID,AM,Arsenal,England,L,100,3,Impact Sub,38.3,57,95,55,Fit,Directness gives England different option; ~10 caps,64.9,104.9,200.3,DNP(inj)/DNP(inj)/DNP/sub65/DNP,0/5,Calf injury Mar 2026 (vs Leverkusen CL); not selected previously,Fit,Calf recovering; expected fit by June; rotation attacker,3,200.3
Morgan Gibbs-White,MID,AM,Nottingham Forest,England,L,0,5,Depth,3,6,95,55,Fit,Repeatedly omitted under Tuchel despite 12 PL goals; unlikely to make 26,64.9,252.0,42.0,DNP/DNP/DNP/DNP/sub78,0/5,Consistently not selected by Tuchel despite strong form,Fit,Omitted from last 4 squads; Tuchel trust barrier,5,0.0
Phil Foden,MID,AM,Manchester City,England,L,0,5,Depth,3,6,95,55,Injury,Ankle knock Mar 2026; Tuchel said not a guarantee; poor club form under Guardiola,64.9,252.0,42.0,60/56/sub62/sub65/90,3/5,Ankle vs Uruguay; form drop / competing with Palmer/Eze/Anderson,Fit,Tuchel: 'not a guarantee'; poor City form; rivals stronger,5,0.0
Elliot Anderson,MID,CM,Nottingham Forest,England,L,100,2,Regular Starter,71.3,228,95,55,Fit,Tuchel's preferred box-to-box starter alongside Rice; 7 caps since Sep 2025; described as elite,63.9,99.8,490.2,71/DNP/sub75/85/90,3/5,Not in Mar 27 rotated squad,Fit,Regular Tuchel starter; described as 'elite'; featured in 4 of last 5 camps,2,490.2
Jobe Bellingham,MID,DM,B. Dortmund,England,L,0,5,Depth,3,6,95,55,Fit,Zero senior caps; England U21 captain; not in Tuchel's thoughts for 2026,66.5,252.2,42.0,N/A (no senior caps),0/5,Not called up to senior squad,Fit,No senior caps; U21 only; excluded,5,0.0
Enzo Fernández,MID,CM,Chelsea,Argentina,J,90,1,Automatic Starter,81.5,291,98,70,Fit,Confirmed starter; knee bone edema kept him out Nov 2025; calf watch Apr; played both March games managed off early,63.9,97.0,577.1,74/56/DNP/90/90,4/5,Knee bone edema — withdrew from Nov 2025 window,Managed,First-choice CM; confirmed starter alongside Mac Allister; managed carefully,1,519.4
Exequiel Palacios,MID,CM,Bayer Leverkusen,Argentina,J,65,4,Fringe,16.2,16,98,70,Managed,Adductor surgery Sep 2025; returned Jan/Feb 2026; in preliminary squad; rotation behind Mac Allister/De Paul/Paredes,63.9,137.3,98.6,DNP(inj)/DNP(inj)/DNP(inj)/DNP(inj)/90,1/5,Adductor surgery Sep 12 2025 — out until Jan 2026,Managed,Rotation depth; long injury layoff; competing for 3rd midfield slot,4,64.1
Vitinha,MID,DM,PSG,Portugal,K,100,1,Automatic Starter,83.8,256,95,45,Fit,Portugal best pure midfielder; heel inflammation late Apr 2026; PSG managed — expected fit by WC,81.1,111.7,629.6,90/90/90/90/90,5/5,N/A — started all 5 recent Portugal games,Managed,Confirmed starter; part of elite midfield trio; heel watch resolving,1,629.6
Bruno Fernandes,MID,AM,Manchester United,Portugal,K,100,1,Automatic Starter,83.8,256,95,45,Fit,Portugal captain; hat-trick vs Armenia 9-1; FWA Player of the Year; no fitness concerns,76.5,106.0,597.6,90/90/90/90/90,5/5,N/A — started all 5; red card vs Ireland only notable event,Fit,Captain; hat-trick vs Armenia; confirmed starter no doubts,1,597.6
João Neves,MID,DM,PSG,Portugal,K,100,1,Automatic Starter,83.8,256,95,45,Fit,Hat-trick vs Armenia 9-1; now confirmed starter not rotation; PSG pivotal figure; 21 yrs old,72.9,103.5,583.4,90/90/90/90/90,5/5,N/A — started all 5 recent Portugal games,Fit,Hat-trick vs Armenia; elevated from rotation to confirmed starter status,1,583.4
Ryan Gravenberch,MID,DM,Liverpool,Netherlands,F,88,1,Automatic Starter,82.9,228,94,55,Fit,PL Young Player of Season; Netherlands DM anchor; Simons confirmed out — increases his importance,69.9,99.8,528.7,90/DNP/65/DNP/90,3/5,Rotated in Lithuania and Ecuador (different midfield tested),Fit,Confirmed starter in double-pivot with de Jong; Simons absence makes him more important,1,465.3
Federico Valverde,MID,CM,Real Madrid,Uruguay,H,98,1,Automatic Starter,83.3,203,94,50,Fit,Hospitalised May 7 (head trauma from Tchouameni clash); 10-14 day rest; Jun 15 WC opener not in doubt,74.2,102.5,515.7,SSSSS,5,Head trauma May 7; 10-14 day medical rest,Recovering; expected fully fit well before Jun 15,Uruguay T1 automatic; head injury short-term; WC participation fine,T1,505.4
Christian Pulisic,MID,AM,AC Milan,USA,D,99,1,Automatic Starter,83.8,164,87,45,Fit,Gluteal strain (missed May 10); expected back ~May 17; USA captain and host-nation talisman,87.2,113.8,525.5,SSSSS,5,None,Minor strain; expected back May 17,T1 automatic; host-nation face; role secure despite form dip,T1,520.2
Malik Tillman,MID,AM,Bayer Leverkusen,USA,D,95,3,Impact Sub,38.5,46,87,45,Fit,Only 77 mins across 7 Leverkusen apps since March break; Reyna competition genuine; Pochettino squad May 26,64.9,99.3,178.2,SSSSB,4,None,Fit; club form collapsed post-March,T2→T3: 77 mins across 7 Leverkusen apps post-March; Reyna is genuine competition,T3,169.3
Scott McTominay,MID,CM,Napoli,Scotland,C,100,1,Automatic Starter,87.1,50,40,10,Fit,Scotland captain; WC-qualifying hero; bicycle kick vs Denmark,73.2,94.8,328.1,SSSSS,5,None,Fit; playing through May for Napoli,Scotland T1 automatic; Napoli Serie A form,T1,328.1
Martin Ødegaard,MID,AM,Arsenal,Norway,I,100,2,Regular Starter,74.0,65,58,10,Injury,Persistent knee injury since Feb 22; 19 starts all season; Norway will manage minutes; positive update May 12,67.6,93.9,299.5,S--SS,3,Knee since Feb 22; missed March 2026 window,Injury: chronic knee; returning; minutes will be managed,T1→T2: persistent knee; 19 starts all season; Solbakken capping minutes,T2,299.5
Kevin De Bruyne,MID,CM,Napoli,Belgium,G,100,2,Regular Starter,71.7,184,92,50,Managed,Age 35; confirmed in squad; managing eye injury + thigh load; Garcia expects him to feature but load-managed,85.4,119.9,531.7,DNP(inj)/DNP(inj)/sub/90/DNP,1/5,High-grade hamstring tear Oct 2025; missed Nov qualifiers; returned Mar 2026,Managed,Confirmed in squad; eye issue + thigh history; rotation/impact role not certain starter,2,531.7
Mohammed Kudus,MID,AM,Tottenham,Ghana,L,45,1,Automatic Starter,87.5,5,5,5,Injury,Hamstring setback Apr (second injury this season); surgery advised but rejected by player; conservative treatment; WC participation in serious doubt,64.4,81.1,241.0,SS---,2,Hamstring Jan + Apr 2026; rejected surgery advice,Injury: conservative treatment; WC participation ~50/50,T1 if fit; squad_prob cut 88→45%; serious hamstring concern,T1,108.5
Harry Kane,FWD,,Bayern Munich,England,L,100,1,Automatic Starter,82.9,256,95,55,Fit,England captain; 33 BL goals; automatic starter,84.9,114.7,643.2,DNP(inj)/DNP(inj)/90/65/90,3/5,Ankle injury forced withdrawal from Mar camp,Fit,England captain; expected fully fit by June 11,1,643.2
Kylian Mbappé,FWD,,Real Madrid,France,I,100,1,Automatic Starter,82.4,288,97,60,Injury,France captain; hamstring (semitendinosus) Apr 24 vs Betis; returned to training mid-May; targeted fit for June 11,96.1,126.9,754.7,90/90/90/squad/90,4/5,Managed for Colombia friendly,Injury,Captain; confirmed in squad; hamstring managed — targeted fit for opener,1,754.7
Lamine Yamal,FWD,,Barcelona,Spain,H,99,2,Regular Starter,71.0,256,97,60,Injury,Hamstring (biceps femoris) Apr 22 vs Celta; may miss opener or start as sub; full fitness game 2-3,99.8,135.1,704.2,90/DNP(inj)/DNP/90/90,3/5,Hamstring injury Apr 22; also missed Egypt friendly,Injury,"In squad certain; T2 reflects hamstring recovery — likely sub/absent game 1, full from game 2+",2,697.2
Lautaro Martínez,FWD,,Inter Milan,Argentina,J,95,1,Automatic Starter,81.5,291,98,70,Injury,Recurring soleus — missed March 2026 games; second injury Apr; Inter return early May; low match sharpness heading in,45.2,76.2,453.2,DNP(inj)/DNP(inj)/90/sub/90,3/5,Soleus Feb 2026; re-aggravated Apr 2026 — missed both March Argentina friendlies,Injury,Scaloni's intended No.9 but recurring soft tissue risk; low match sharpness,1,430.5
Mohamed Salah,FWD,,Liverpool,Egypt,G,95,1,Automatic Starter,87.1,73,58,10,Injury,Hamstring late Apr; season over at Liverpool; targeting Jun 14 Egypt opener; tight timeline for game 1,65.8,91.3,339.2,SSSSS,5,Hamstring late Apr 2026; season over,Injury: targeting Jun 14; match fitness tight for game 1,T1 undisputed; Egypt captain; fitness concern only for opener,T1,322.2
Vinícius Júnior,FWD,,Real Madrid,Brazil,C,100,1,Automatic Starter,86.1,202,83,20,Fit,Brazil key winger; 20G/13A; first choice left wing,72.7,101.1,516.9,SSSSS,5,None,Fit,Brazil main striker under Ancelotti; automatic first pick,T1,516.9
Bukayo Saka,FWD,,Arsenal,England,L,100,1,Automatic Starter,82.9,256,95,55,Fit,England first-choice right winger; consistent two-way threat,67.0,96.8,543.1,DNP/DNP/sub62/90/90,2/5,Achilles management — left Mar 31 camp; not in Mar 27 squad,Fit,Back in training; Arsenal managing load for WC; expected starter,1,543.1
Luis Díaz,FWD,,Bayern Munich,Colombia,K,92,1,Automatic Starter,84.7,176,89,35,Fit,Colombia's best player; 15G/13A — best BL season by anyone,82.7,109.5,523.2,SSSSS,5,None,Fit; 26G 21A at Bayern Munich,Colombia talisman; first pick; James Rodríguez faded,T1,481.3
Julián Álvarez,FWD,,Atlético Madrid,Argentina,J,85,1,Automatic Starter,81.5,291,98,70,Fit,Started all 5 recent Argentina games; elite Atlético form (10+ CL goals); effectively No.9 if Lautaro unavailable,39.2,70.2,417.8,90/90/90/90/90,5/5,N/A — regular starter throughout campaign,Fit,Started all 5 recent Argentina games; elite form; T2 badly undersold him,1,355.1
Amad Diallo,FWD,,Manchester United,Ivory Coast,E,100,1,Automatic Starter,87.1,59,44,10,Fit,18 caps / 5 goals; WC qualifying hero; Ivory Coast talisman,55.5,80.0,284.7,SS-SS,4,Ankle injury March 2026 window,Fit; ankle resolved,Ivory Coast T1; headlines squad with Adingra/Pepe; ankle resolved,T1,284.7
Raphinha,FWD,,Barcelona,Brazil,C,100,1,Automatic Starter,86.1,202,83,20,Fit,Brazil captain; first choice right winger,79.8,108.2,553.3,SSSSS,5,None,Fit,Brazil captain; first choice RW; La Liga top scorer,T1,553.3
Viktor Gyökeres,FWD,,Arsenal,Sweden,F,100,1,Automatic Starter,87.1,35,28,10,Fit,Sweden's standout striker; 15 intl goals; 14 PL goals,46.3,67.8,223.2,SSSSS,5,None,Fit; peak Arsenal form,Sweden guaranteed T1; Arsenal top scorer; career-best season,T1,223.2
Désiré Doué,FWD,,PSG,France,I,100,3,Impact Sub,39.0,64,97,60,Fit,Brace vs Colombia Mar 2026; started NL SF; confirmed in official squad; competing for LW start,65.7,106.9,215.1,sub/brace-start/sub/start/squad,2/5,Rotation — France attack depth extraordinary,Fit,In official squad; brace vs Colombia a statement; strong claim to rotation LW spot,3,215.1
Alexander Isak,FWD,,Liverpool,Sweden,F,100,2,Regular Starter,74.3,31,28,10,Doubtful,Fibula Dec + groin May 2; only 3 intl goals; starts if fit but fitness deeply uncertain,35.8,60.8,171.5,--S--,1,Fibula Dec 2025; groin May 2026,Fibula Dec 2025; groin May 2026; highly uncertain,First-choice CF if fit; too many injuries to upgrade,T2,171.5
Ousmane Dembélé,FWD,,Barcelona,France,I,100,1,Automatic Starter,82.4,288,97,60,Fit,Reigning Ballon d'Or winner; confirmed first-choice left flank; automatic starter alongside Mbappé,62.8,93.6,556.6,90/DNP/90/90/90,4/5,Rested for Nov qualifier (rotation),Fit,Ballon d'Or winner; confirmed first-choice LW by Deschamps; should be T1 not rotation,1,556.6
Ollie Watkins,FWD,,Aston Villa,England,L,100,3,Impact Sub,38.3,57,95,55,Fit,Kane backup; 16G all comps; likely squad pick,45.2,85.1,162.5,DNP/DNP/DNP/DNP/sub76,0/5,Consistently not selected; lean club form earlier in season,Fit,6 goals in last 5 games; form surge makes squad inclusion likely,3,162.5
Rafael Leão,FWD,,AC Milan,Portugal,K,100,1,Automatic Starter,83.8,256,95,45,Fit,First-choice Portugal left winger; started all 5 recent games including 9-1 Armenia; T3 badly undersold him,76.0,105.4,594.4,90/90/90/90/90,5/5,N/A — started all 5 recent games; groin Nov 2025 resolved,Fit,Confirmed first-choice LW; started all 5 recent Portugal games; T3 was wrong,1,594.4
Jonathan Burkardt,FWD,,Eintracht Frankfurt,Germany,E,0,3,Impact Sub,39.0,51,95,60,Fit,Squad striker competing with Woltemade/Undav; strong Frankfurt season; 5 caps,45.2,84.0,156.8,sub/sub/90/sub/90,2/5,Rotation behind Woltemade in striker pecking order,Fit,Competitive forward group; Woltemade is starter now; Burkardt rotation,3,0.0
Erling Haaland,FWD,,Manchester City,Norway,I,100,1,Automatic Starter,87.1,73,58,10,Fit,Broke PL record (35 PL goals); Norway's everything,61.0,83.6,310.6,SSSS-,4,Load management Mar 2026 (minor training knock),Fit; load managed by Guardiola,Norway qualifier-defining striker; T1 automatic; standard load management,T1,310.6
Jérémy Doku,FWD,,Manchester City,Belgium,G,100,1,Automatic Starter,82.4,207,92,50,Fit,Belgium's confirmed starting winger; best form of his career at Man City; analysts' standout WC pick,59.7,88.8,448.3,90/90/90/90/90,5/5,N/A — regular Belgium starter throughout campaign,Fit,Confirmed starter; Garcia's key creative weapon; T3 badly undersold him,1,448.3
João Pedro,FWD,,Chelsea,Brazil,C,0,4,Fringe,13.2,11,83,20,Fit,14G for Chelsea; competing vs massive Brazil forward depth,45.2,122.5,68.9,SSSS-,4,None,Fit,4th/5th choice forward; Vini/Raphinha/Cunha ahead,T4,0.0
Pedro Neto,FWD,,Chelsea,Portugal,K,100,3,Impact Sub,36.8,57,95,45,Fit,Rotation winger; competes with Conceição/Félix for wide spots; groin Nov 2025 resolved; FA Cup fit,65.7,106.4,197.9,DNP(inj)/DNP(inj)/90/90/90,3/5,Groin injury — withdrew from both Nov 2025 Portugal windows,Fit,Rotation right winger; Leão is LW starter; Neto competes for RW spot,3,197.9
Omar Marmoush,FWD,,Manchester City,Egypt,G,68,1,Automatic Starter,87.1,73,58,10,Fit,LW starter alongside Salah; AFCON 2025 scorer; Egypt confirmed XI; not a bench player,31.2,56.7,210.7,SSSSS,5,None,Fit; playing regularly at Man City,T3→T1: confirmed Egypt starter LW/AM; Salah (RW) + Mostafa Mohamed (CF) + Marmoush = first XI,T1,143.3
Matheus Cunha,FWD,,Manchester United,Brazil,C,100,3,Impact Sub,38.5,46,83,20,Fit,Ancelotti genuine interest; Man Utd rest clause signals more than fringe role,45.2,82.8,148.6,SSSSS,5,None,Fit; in form at Man Utd,T4→T3: Ancelotti interest; rest clause shows Brazil value him,T3,148.6
Karim Adeyemi,FWD,,B. Dortmund,Germany,E,0,5,Depth,3,6,95,60,Fit,Explicitly omitted from Mar 2026 friendlies by Nagelsmann; Schade picked instead; likely excluded,65.7,249.2,41.5,DNP/DNP/sub/sub/90,1/5,Nagelsmann explicitly chose Schade over Adeyemi for Mar friendlies,Fit,Omitted Mar 2026 at Nagelsmann's explicit decision; Woltemade/Musiala ahead,5,0.0
Romelu Lukaku,FWD,,Napoli,Belgium,G,100,1,Automatic Starter,82.4,207,92,50,Injury,"In squad; Garcia: 'out of shape, may not start'; ~1 hour competitive football all season; 5 weeks to get fit",48.5,77.6,391.8,DNP/DNP(inj)/DNP(inj)/DNP(inj)/sub,0/5,High-grade thigh injury; withdrew from Mar/Apr camps; barely played all season,Injury,Garcia confirmed starter; Napoli form backed up selection,1,391.8
Hugo Ekitiké,FWD,,Liverpool,France,I,0,4,Fringe,15.6,16,97,60,Fit,Achilles tendon injury Apr 14 (CL QF vs PSG); confirmed WC absence; out several months,65.7,142.8,99.6,DNP(inj)/sub/start/90/debut,2/5,Achilles injury Apr 14 — out of WC entirely,Injury,Confirmed excluded — Achilles rupture; Kolo Muani/Mateta took squad spots,4,0.0
Marcus Rashford,FWD,,Barcelona,England,L,100,3,Impact Sub,38.3,57,95,55,Fit,Revitalised at Barça (12G/10A); re-entering England picture,65.7,105.6,201.8,sub71/69/sub75/90/sub68,2/5,Impact sub role in most camps,Fit,On the plane; rotation/impact role confirmed by Tuchel recall,3,201.8
Nick Woltemade,FWD,,Newcastle,Germany,E,100,1,Automatic Starter,82.4,231,95,60,Fit,Germany's confirmed lead striker; started all 6 recent internationals; 4 goals in 10 caps; locked in,73.7,103.5,549.7,90/90/90/90/90,5/5,N/A — started all recent Germany games as CF,Fit,Started all 6 WC qualifiers as Germany CF; locked in as No.1 striker,1,549.7
Serge Gnabry,FWD,,Bayern Munich,Germany,E,0,4,Fringe,15.6,13,95,60,Injury,Partial adductor tear Apr 22 2026; personally confirmed WC absence; season-ending,65.7,137.3,91.2,DNP(inj)/sub/sub/90/90,2/5,Adductor tear Apr 22 — confirmed WC miss,Injury,"Confirmed excluded — partial adductor tear, season-ending injury",4,0.0
Antony,FWD,,Real Betis,Brazil,C,0,5,Depth,3,4,83,20,Fit,Omitted from 3 straight Brazil squads; likely cut at May 18 announcement,65.7,237.6,34.3,SS---,2,Omitted 3 consecutive Brazil squads,Fit at Betis; irrelevant to Brazil,Squad prob 5%; effectively cut from WC plans,T5,0.0
Mason Greenwood,FWD,,Marseille,England,L,0,5,Depth,3,6,95,55,Fit,Categorically excluded by Tuchel; no England pathway; may pursue Jamaica,65.7,252.8,42.1,N/A (excluded),0/5,Tuchel: 'not in our thoughts'; last cap Nov 2020,Fit (irrelevant),Categorically excluded by Tuchel,5,0.0
Matías Soulé,FWD,,Roma,Argentina,J,22,5,Depth,3,6,98,70,Fit,Zero senior caps; only youth caps; 6G/5A Roma but final 26 inclusion uncertain,45.2,239.7,39.9,N/A (no senior caps),0/5,Never called up to senior squad,Fit,Zero senior caps; Scaloni has not called him up; squad inclusion uncertain,5,8.8
Oliver Baumann,GK,,Hoffenheim,Germany,E,100,GK2,Backup GK,10.0,10,95,60,Fit,Confirmed Germany No.1 by Nagelsmann Mar 29; started all 6 WC qualifiers; 4 clean sheets,27.8,41.4,18.4,90/90/90/90/90,5/5,N/A — started all 6 WC qualifiers,Fit,Neuer recalled as No.1; Baumann drops to backup,GK2,18.4
Reece James,DEF,RB,Chelsea,England,L,100,2,Regular Starter,71.0,222,95,55,Injury,First-choice RB in absence of TAA; hamstring surgery Jan 2026; on track for Jun 11 opener; Tuchel trusts him implicitly when fit,58.8,101.5,490.6,90/DNP/90/90/DNP,3,Hamstring Jan 2026,Injury: on track for Jun 11; hamstring surgery Jan 2026,First-choice RB; fitness concern but confirmed Tuchel No.1,2,490.6
John Stones,DEF,CB,Manchester City,England,L,100,2,Regular Starter,71.0,222,95,55,Injury,Quality ball-playing CB; persistent knee issue missed final 7 weeks; targeting WC; Tuchel knows him well; strong aerial presence,52.9,95.6,462.0,90/DNP/90/DNP/DNP,2,Knee injury Mar–May 2026,Injury: targeting Jun 11; knee managed,Tier 1 quality but injury-managed; paired with Guéhi,2,462.0
Nico O'Reilly,DEF,LB,Manchester City,England,L,100,3,Impact Sub,39.0,64,95,55,Fit,Man City versatile LB/CM; England's only natural LB option; may feature more than Tier 3 suggests due to squad LB scarcity; first senior WC,55.5,91.4,183.7,90/90/DNP/90/DNP,3,,Fit,Surprise call-up; England's de facto LB option,3,183.7
Tino Livramento,DEF,RB,Newcastle United,England,L,100,3,Impact Sub,30.0,50,95,55,Fit,"Quick, attack-minded RB; Newcastle first team regular; backup to Reece James; can play on either flank",55.5,98.3,152.9,90/90/90/DNP/90,4,,Fit,Backup RB behind Reece James; rotation option,3,152.9
Djed Spence,DEF,RB,Tottenham Hotspur,England,L,100,4,Depth,10.0,20,95,55,Fit,Squad depth RB; Spurs this season; minimal expected minutes,55.5,155.2,86.2,DNP/90/DNP/DNP/90,2,,Fit,4th-choice RB; squad cover,4,86.2
Dan Burn,DEF,CB,Newcastle United,England,L,100,4,Depth,10.0,20,95,55,Fit,Veteran utility CB/LB (32); aerial threat; squad depth and leadership; unlikely to start unless injuries mount,50.0,149.8,83.2,90/DNP/90/90/DNP,3,,Fit,Veteran squad cover; 4th-choice CB,4,83.2
Kobbie Mainoo,MID,CM,Manchester United,England,L,100,2,Regular Starter,71.0,222,95,55,Fit,England's most exciting young CM (20); strong Euro 2024 and Man Utd season; key rotation alongside Rice/Bellingham,60.9,96.9,468.6,90/90/90/90/90,5,,Fit,Regular England starter; Euro 2024 performer; Tuchel favourite,2,468.6
Jordan Henderson,MID,DM,Brentford,England,L,100,4,Depth,10.0,20,95,55,Fit,Veteran DM (35); resurgent Brentford season earned recall; squad leadership and experienced DM depth; minimal play time expected,66.5,167.5,93.1,90/DNP/90/DNP/90,3,,Fit,Veteran recall; squad depth DM,4,93.1
Morgan Rogers,MID,AM,Aston Villa,England,L,100,3,Impact Sub,30.0,50,95,55,Fit,Breakout Villa AM season; creative off-the-bench option; surprising Palmer/Foden over; good pressing and dribbling,64.9,111.6,173.6,90/90/DNP/90/90,4,,Fit,Impact sub AM; selected over Palmer and Foden,3,173.6
Anthony Gordon,FWD,,Newcastle United,England,L,100,3,Impact Sub,30.0,55,95,55,Fit,Direct left winger; Newcastle regular; pace and pressing assets; rotation option behind Saka; excellent 2025-26 season,56.6,103.2,166.3,90/90/90/90/DNP,4,,Fit,Regular impact sub winger; consistent England option,3,166.3
Noni Madueke,FWD,,Arsenal,England,L,100,3,Impact Sub,25.0,40,95,55,Fit,Arsenal winger after summer move from Chelsea; strong 2025-26; direct and technical; can play right wing or as No.10,59.0,111.7,142.7,90/90/DNP/90/90,4,,Fit,Impact sub winger; Arsenal form earned call-up,3,142.7
Ivan Toney,FWD,,Al-Ahli,England,L,100,3,Impact Sub,30.0,55,95,55,Fit,Powerful target CF; recalled from Saudi Arabia; physical alternative to Kane; useful off the bench for set-pieces,40.6,87.3,140.6,90/90/90/90/90,5,,Fit,Impact sub CF; recall justified by squad need for physical striker,3,140.6
Brice Samba,GK,,Lens,France,I,100,GK2,Backup GK,10.0,10,97,60,Fit,Reliable Lens No.1; proven Ligue 1 penalty stopper; Maignan backup,27.8,42.0,18.7,DNP/90/DNP/DNP/DNP,1,,Fit,Clear No.2 behind Maignan; no realistic route to starts,GK2,18.7
Robin Risser,GK,,Lens,France,I,100,GK3,Third GK,2.0,3,97,60,Fit,Young Lens keeper; first senior WC call-up; third choice,27.8,41.9,4.2,DNP/DNP/DNP/90/DNP,1,,Fit,Third GK; no expected minutes,GK3,4.2
Theo Hernandez,DEF,LB,AC Milan,France,I,100,1,Automatic Starter,82.4,288,97,60,Fit,France first-choice LB; among the best attacking FBs in the world; goal threat from left; AC Milan captain,64.5,104.6,622.1,90/90/90/90/90,5,,Fit,Undisputed first-choice LB; outstanding 2025-26 with Milan,1,622.1
Ibrahima Konaté,DEF,CB,Liverpool,France,I,100,2,Regular Starter,65.0,160,97,60,Fit,Liverpool CB; powerful and quick; Saliba/Upamecano first-choice pair but Konaté partners either in rotation; excellent aerial presence,52.0,102.4,403.8,90/90/90/DNP/90,4,,Fit,Third CB option but high quality; regular squad minutes,2,403.8
Lucas Hernandez,DEF,LB,Athletic Bilbao,France,I,100,3,Impact Sub,30.0,50,97,60,Fit,Theo's brother; versatile LB/CB; strong campaign with Bilbao; backup to Theo but more than capable of starting,55.5,100.4,156.2,90/DNP/90/90/DNP,3,,Fit,LB backup; Theo's understudy; 3rd CB option too,3,156.2
Malo Gusto,DEF,RB,Chelsea,France,I,100,3,Impact Sub,30.0,50,97,60,Fit,Chelsea RB; quick and technical; Koundé backup; good in transition,55.5,100.4,156.2,DNP/90/90/DNP/90,3,,Fit,Backup RB behind Koundé; rotation option,3,156.2
Lucas Digne,DEF,LB,Aston Villa,France,I,100,4,Depth,12.0,15,97,60,Fit,Veteran LB (32); Villa regular; squad depth behind the Hernandez brothers,55.5,145.4,82.4,DNP/90/DNP/90/DNP,2,,Fit,4th LB option; squad cover only,4,82.4
Maxence Lacroix,DEF,CB,Crystal Palace,France,I,100,4,Depth,12.0,15,97,60,Fit,Surprise call-up after strong Crystal Palace season; 4th CB option,50.0,139.9,79.3,DNP/DNP/90/DNP/DNP,1,,Fit,4th CB; squad cover; strong club form earned call-up,4,79.3
Aurélien Tchouaméni,MID,DM,Real Madrid,France,I,100,1,Automatic Starter,82.4,288,97,60,Fit,France's first-choice DM; Real Madrid regular; elite ball-winner and distributor; screens the defence and launches attacks,58.5,91.6,544.7,90/90/90/90/90,5,,Fit,Undisputed DM starter; key to France's defensive structure,1,544.7
Warren Zaïre-Emery,MID,CM,AS Roma,France,I,100,2,Regular Starter,65.0,160,97,60,Fit,Young dynamic CM (20); outstanding box-to-box energy; pressing and carrying; expected to start most games,60.4,101.7,401.3,90/90/90/90/90,5,,Fit,Regular starter at 20; Deschamps trusts him fully,2,401.3
Adrien Rabiot,MID,CM,Marseille,France,I,100,2,Regular Starter,65.0,160,97,60,Fit,Experienced CM; Marseille resurgence; physical and creative; box-to-box presence and occasional goals,58.7,100.1,394.7,90/90/90/90/DNP,4,,Fit,Regular France CM; competes with ZE for starts,2,394.7
Manu Koné,MID,CM,Real Madrid,France,I,100,3,Impact Sub,30.0,50,97,60,Fit,Powerful CM; Real Madrid squad member; strong pressing and carrying; impact option from the bench,63.9,110.2,171.4,90/DNP/90/90/DNP,3,,Fit,Impact sub CM; competes with Rabiot for minutes,3,171.4
N'Golo Kanté,MID,DM,Al-Ittihad,France,I,100,4,Depth,12.0,15,97,60,Fit,Legendary veteran (35); recalled on form; limited role expected but still elite in short bursts; Saudi League pace concerns,66.5,157.4,89.2,45/DNP/45/90/DNP,2,,Fit,Veteran squad option; Tchouaméni/ZE ahead of him,4,89.2
Marcus Thuram,FWD,,Inter Milan,France,I,100,1,Automatic Starter,82.4,288,97,60,Fit,"France's first-choice CF; outstanding 2025-26 Inter season; powerful, technical, links play brilliantly; Serie A top scorer",56.2,87.0,517.6,90/90/90/90/90,5,,Fit,Undisputed No.9 for France; world-class 2025-26 form,1,517.6
Bradley Barcola,FWD,,Paris Saint-Germain,France,I,100,2,Regular Starter,65.0,160,97,60,Fit,PSG flyer; rapid left-footed winger; outstanding 2025-26 Ligue 1 season; direct and explosive; key rotation with Mbappé/Dembélé,71.3,109.4,431.5,90/90/90/90/90,5,,Fit,Regular France starter; elite pace and directness,2,431.5
Jean-Philippe Mateta,FWD,,Crystal Palace,France,I,100,3,Impact Sub,30.0,50,97,60,Fit,Physical CF; strong Palace campaign; powerful target man alternative to Thuram; selected over Kolo Muani for physical presence,45.2,93.5,145.4,DNP/90/DNP/90/DNP,2,,Fit,Impact sub CF; Thuram backup; physical option off bench,3,145.4
Diogo Costa,GK,,Porto,Portugal,K,100,GK1,Starting GK,90.0,256,95,45,Fit,Portugal No.1; hero of WC 2022 penalty shootout vs Slovenia; exceptional distribution and shot-stopping,30.2,67.8,396.5,90/90/90/90/90,5,,Fit,Undisputed No.1; WC 2022 penalty-save hero,GK1,396.5
José Sá,GK,,Wolverhampton,Portugal,K,100,GK2,Backup GK,10.0,10,95,45,Fit,Wolves No.1; reliable backup; limited international role behind Costa,27.8,41.3,18.3,DNP/90/DNP/DNP/DNP,1,,Fit,No.2 GK; no realistic starts expected,GK2,18.3
Rui Silva,GK,,Sporting CP,Portugal,K,100,GK3,Third GK,2.0,3,95,45,Fit,Third-choice GK; Sporting CP first team regular; no expected minutes,27.8,41.1,4.1,DNP/DNP/90/DNP/DNP,1,,Fit,Third GK; squad depth only,GK3,4.1
João Cancelo,DEF,RB,Al-Hilal,Portugal,K,100,1,Automatic Starter,83.8,256,95,45,Fit,Elite attacking FB; can play either side; key creative outlet from deep; excellent cross and dribble numbers,61.4,97.3,548.3,90/90/90/90/90,5,,Fit,First-choice RB; one of Portugal's key creative outlets,1,548.3
Gonçalo Inácio,DEF,CB,Sporting CP,Portugal,K,100,2,Regular Starter,65.0,150,95,45,Fit,Left-footed CB; Sporting CP captain; strong in possession; Rúben Dias' regular partner,50.0,95.6,366.3,90/90/90/90/DNP,4,,Fit,Regular CB starter; Dias partner; likely starter most games,2,366.3
Diogo Dalot,DEF,RB,Manchester United,Portugal,K,100,2,Regular Starter,65.0,150,95,45,Fit,Man Utd RB; strong 2025-26 season; Cancelo backup and rotation option; can also play LB,55.5,101.0,387.1,90/DNP/90/90/90,4,,Fit,Regular rotation RB; Cancelo's understudy,2,387.1
Nelson Semedo,DEF,RB,Fenerbahçe,Portugal,K,100,3,Impact Sub,32.0,50,95,45,Fit,Experienced RB/WB; Fenerbahçe; third RB option; pace and energy off the bench,55.5,96.0,155.7,90/DNP/90/DNP/90,3,,Fit,Third RB; impact option behind Cancelo/Dalot,3,155.7
Renato Veiga,DEF,CB,Villarreal,Portugal,K,100,3,Impact Sub,32.0,50,95,45,Fit,Utility CB/LB; can also cover LB; Villarreal; strong aerial; flexible defensive cover option,50.0,90.6,146.9,90/DNP/90/DNP/DNP,2,,Fit,Versatile utility defender; 4th CB or LB option,3,146.9
Tomás Araújo,DEF,CB,Benfica,Portugal,K,100,4,Depth,12.0,15,95,45,Fit,Young Benfica CB; squad depth; unlikely to start unless injuries,50.0,135.6,76.9,DNP/90/DNP/DNP/DNP,1,,Fit,4th-choice CB; squad cover,4,76.9
Bernardo Silva,MID,CM,Manchester City,Portugal,K,100,1,Automatic Starter,83.8,256,95,45,Fit,"World-class CM/winger hybrid; Man City stalwart; elite technical ability, high work rate, key playmaker role alongside Vitinha and João Neves",80.1,110.7,624.1,90/90/90/90/90,5,,Fit,First-choice CM; integral to Portugal's shape,1,624.1
Rúben Neves,MID,DM,Al-Hilal,Portugal,K,100,3,Impact Sub,32.0,50,95,45,Fit,Veteran DM (29); Al-Hilal; experienced ball-winner; depth behind Neves/Vitinha; long-range shooting threat,66.5,108.6,176.2,90/DNP/90/90/DNP,3,,Fit,Rotation DM; third choice behind João Neves/Vitinha,3,176.2
Matheus Nunes,MID,CM,Manchester City,Portugal,K,100,3,Impact Sub,32.0,50,95,45,Fit,Athletic CM; Man City squad player; listed as DF in official squad sheet but plays CM; versatile pressing option off bench,63.9,106.0,171.9,90/DNP/DNP/90/90,3,,Fit,Utility CM; rotation option; plays deeper than his role suggests,3,171.9
Samu Costa,MID,DM,Mallorca,Portugal,K,100,4,Depth,12.0,15,95,45,Fit,Mallorca DM; solid La Liga season; squad depth only; unlikely to feature barring multiple injuries,66.5,153.3,86.9,DNP/90/DNP/DNP/90,2,,Fit,4th midfielder; squad depth,4,86.9
Cristiano Ronaldo,FWD,,Al-Nassr,Portugal,K,100,1,Automatic Starter,83.8,256,95,45,Fit,Record WC goal-scorer at his 6th tournament (41); Al-Nassr captain; still lethal in the box; pace declined but positioning elite; Martínez builds around him,48.6,78.1,440.1,90/90/90/90/90,5,,Fit,Automatic starter; Portugal captain; Martínez trusts fully,1,440.1
Gonçalo Ramos,FWD,,Paris Saint-Germain,Portugal,K,100,2,Regular Starter,65.0,150,95,45,Fit,"PSG striker; hat-trick vs Switzerland at WC 2022; mobile, clinical; strong alternative No.9 to Ronaldo; expected significant minutes",52.6,89.3,342.2,90/90/90/DNP/90,4,,Fit,Key rotation/starter ST; hat-trick sub at WC 2022,2,342.2
Francisco Conceição,FWD,,Juventus,Portugal,K,100,2,Regular Starter,65.0,150,95,45,Fit,Direct RW; explosive pace; Juventus regular; scored winner vs France at Euro 2024; clinical in 1v1s; competes for Pedro Neto's spot,60.0,96.7,370.7,90/90/DNP/90/90,4,,Fit,Regular winger; Euro 2024 match-winner; Martínez trusts him,2,370.7
João Félix,FWD,,Al-Nassr,Portugal,K,100,3,Impact Sub,32.0,50,95,45,Fit,Talented AM/FW; Al-Nassr teammate of Ronaldo; creative in tight spaces; excellent dribbler; inconsistent but a difference-maker off the bench,54.5,98.9,160.4,90/DNP/90/90/DNP,3,,Fit,Impact sub; creative alternate No.10 option,3,160.4
Francisco Trincão,FWD,,Sporting CP,Portugal,K,100,3,Impact Sub,32.0,50,95,45,Fit,Sporting CP winger; strong Primeira Liga season; direct and pacey; depth winger behind Leão/Neto/Conceição,65.7,110.1,178.6,DNP/90/90/DNP/90,3,,Fit,Fourth winger option; Sporting form earned call-up,3,178.6
Gonçalo Guedes,FWD,,Real Sociedad,Portugal,K,100,4,Depth,12.0,15,95,45,Fit,Veteran winger (29); Real Sociedad; La Liga experience; squad depth with minimal expected minutes,45.2,133.7,75.7,DNP/90/DNP/DNP/90,2,,Fit,5th winger; squad cover only,4,75.7
Manuel Neuer,GK,,Bayern Munich,Germany,E,100,GK1,Starting GK,90.0,256,95,60,Fit,Legendary GK (40); recalled after Baumann era; Nagelsmann's trust in Neuer is absolute; still world-class commanding his area,28.7,66.8,390.2,90/DNP/90/DNP/90,3,Retired then recalled,Fit,Recalled as No.1; Nagelsmann confirmed starter role,GK1,390.2
Alexander Nübel,GK,,Stuttgart,Germany,E,100,GK3,Third GK,2.0,3,95,60,Fit,Stuttgart No.1; strong Bundesliga season; third-choice behind Neuer and Baumann; no expected minutes,27.8,41.0,4.1,DNP/DNP/90/DNP/DNP,1,,Fit,Third GK; no minutes expected,GK3,4.1
David Raum,DEF,LB,RB Leipzig,Germany,E,100,1,Automatic Starter,82.4,231,95,60,Fit,First-choice LB; Leipzig regular; attacking threat from left; crosses and overlaps key to Germany's wide play,55.5,92.3,490.2,90/90/90/90/90,5,,Fit,Undisputed first-choice LB under Nagelsmann,1,490.2
Antonio Rüdiger,DEF,CB,Real Madrid,Germany,E,100,2,Regular Starter,65.0,150,95,60,Fit,Experienced Real Madrid CB (33); physical and commanding; Germany third-choice CB but quality player; Tah/Schlotterbeck ahead,50.0,96.5,370.1,90/90/DNP/90/90,4,,Fit,Veteran CB; rotation behind Tah/Schlotterbeck,2,370.1
Waldemar Anton,DEF,CB,Borussia Dortmund,Germany,E,100,2,Regular Starter,65.0,150,95,60,Fit,BVB CB; aggressive and mobile; solid Bundesliga season; competes with Rüdiger for the third CB slot,50.0,96.5,370.1,90/DNP/90/90/DNP,3,,Fit,Rotation CB; BVB form earned selection,2,370.1
Malick Thiaw,DEF,CB,Newcastle United,Germany,E,100,3,Impact Sub,30.0,45,95,60,Fit,Newcastle CB; physical and tall; 4th-choice CB option; useful from the bench in dead-rubber scenarios,50.0,92.7,139.0,90/DNP/DNP/90/DNP,2,,Fit,4th CB; squad cover,3,139.0
Nathaniel Brown,DEF,RB,Eintracht Frankfurt,Germany,E,100,3,Impact Sub,30.0,45,95,60,Fit,Frankfurt FB; versatile RB/CB; young and athletic; Kimmich backup and rotation option at right back,55.5,98.1,147.2,DNP/90/90/DNP/90,3,,Fit,Backup RB; Kimmich understudy,3,147.2
Jamal Musiala,MID,AM,Bayern Munich,Germany,E,100,1,Automatic Starter,82.4,231,95,60,Fit,World-class AM (22); Bayern Munich; elite dribbler and creator; dovetails perfectly with Wirtz; the heartbeat of Germany's attack,79.8,109.5,582.1,90/90/90/90/90,5,,Fit,Undisputed starter; Germany's best player alongside Wirtz,1,582.1
Kai Havertz,MID,AM,Arsenal,Germany,E,100,2,Regular Starter,65.0,150,95,60,Fit,Arsenal CM/AM; outstanding 2025-26 season; versatile false-9 or #8; goals and assists from deep; listed as FWD but plays as AM,71.9,108.6,416.3,90/90/90/90/DNP,4,,Fit,Regular starter; Arsenal form puts him firmly in XI contention,2,416.3
Leon Goretzka,MID,CM,Bayern Munich,Germany,E,100,2,Regular Starter,65.0,150,95,60,Fit,Box-to-box CM; physical and technically sound; Bayern engine room; regular rotation alongside Kimmich/Pavlovic,65.6,104.6,401.1,90/90/90/DNP/90,4,,Fit,Rotation CM; starts when Pavlovic or Havertz rest,2,401.1
Aleksandar Pavlovic,MID,DM,Bayern Munich,Germany,E,100,2,Regular Starter,65.0,150,95,60,Fit,Bayern DM (21); dominant ball-winning presence; elite passing range; breakthrough Bundesliga season; set to be Germany's DM anchor,65.1,104.1,399.2,90/90/90/90/90,5,,Fit,Regular DM; Nagelsmann's first-choice defensive midfielder,2,399.2
Jamie Leweling,MID,RW,Stuttgart,Germany,E,100,3,Impact Sub,30.0,45,95,60,Fit,Stuttgart right winger; direct and pacey; strong 2025-26 Bundesliga season; impact option on the right flank,64.9,111.3,166.9,90/90/DNP/90/DNP,3,,Fit,Right winger rotation; Stuttgart form earned selection,3,166.9
Pascal Groß,MID,CM,Brighton,Germany,E,100,3,Impact Sub,30.0,45,95,60,Fit,Brighton CM; experienced and versatile; reliable set-piece taker; dead-rubber rotation option,63.9,108.0,162.1,90/DNP/90/DNP/90,3,,Fit,Rotation CM; experienced squad option,3,162.1
Nadiem Amiri,MID,AM,Mainz 05,Germany,E,100,4,Depth,12.0,13,95,60,Fit,Mainz AM veteran; squad depth option; minimal expected minutes,64.9,152.3,82.9,DNP/90/DNP/DNP/90,2,,Fit,4th AM option; squad depth,4,82.9
Lennart Karl,MID,AM,Bayern Munich,Germany,E,100,4,Depth,12.0,13,95,60,Fit,Surprise young Bayern AM (21); Nagelsmann's wildcard pick; technical and creative; minimal expected minutes at this WC,64.9,152.3,82.9,DNP/DNP/90/DNP/DNP,1,,Fit,Surprise call-up; young talent; limited role expected,4,82.9
Deniz Undav,FWD,,Stuttgart,Germany,E,100,1,Automatic Starter,82.4,231,95,60,Fit,"Stuttgart's top scorer — 19 Bundesliga goals in 2025-26; Nagelsmann: ""you can't leave a player like him at home""; mobile, clinical finisher; competes with Woltemade for starts",53.4,83.1,441.6,90/90/90/90/90,5,,Fit,Joint first-choice ST with Woltemade; exceptional form,1,441.6
Leroy Sané,FWD,,Galatasaray,Germany,E,100,2,Regular Starter,65.0,150,95,60,Fit,Experienced winger (30); Galatasaray; pace and dribbling; right or left flank; regular rotation with Musiala/Leweling,64.4,101.1,387.6,90/90/DNP/90/90,4,,Fit,Regular wing rotation; Galatasaray form maintained quality,2,387.6
Maximilian Beier,FWD,,Borussia Dortmund,Germany,E,100,3,Impact Sub,30.0,45,95,60,Fit,BVB forward; pacy and direct; strong Bundesliga campaign; impact option off the bench behind Undav/Woltemade,45.2,91.5,137.2,90/DNP/90/90/DNP,3,,Fit,Impact sub FWD; third striker option,3,137.2
Senne Lammens,GK,,Manchester United,Belgium,G,100,GK2,Backup GK,10.0,10,92,50,Fit,Man Utd backup; Belgium No.2 behind Courtois,27.8,40.8,18.1,DNP/90/DNP/DNP/DNP,1,,Fit,No.2 GK; no starts expected,GK2,18.1
Mike Penders,GK,,Strasbourg,Belgium,G,100,GK3,Third GK,2.0,3,92,50,Fit,Chelsea loan at Strasbourg; third-choice only,27.8,40.4,4.0,DNP/DNP/90/DNP/DNP,1,,Fit,Third GK; no minutes expected,GK3,4.0
Zeno Debast,DEF,CB,Sporting CP,Belgium,G,100,2,Regular Starter,71.7,184,92,50,Fit,Young Sporting CP CB (22); Belgium's first-choice CB partner; comfortable in possession; key to Garcia's build-out,50.0,90.6,401.7,90/90/90/90/90,5,,Fit,First-choice CB; Sporting form excellent,2,401.7
Koni De Winter,DEF,CB,AC Milan,Belgium,G,100,2,Regular Starter,71.7,184,92,50,Fit,AC Milan CB; strong and dominant in the air; competes with Debast/Theate for CB spots,50.0,90.6,401.7,90/90/DNP/90/90,4,,Fit,Regular CB starter; AC Milan quality,2,401.7
Timothy Castagne,DEF,RB,Fulham,Belgium,G,100,2,Regular Starter,71.7,184,92,50,Fit,"Fulham RB; experienced Belgium right back; solid defensively, contributes going forward",55.5,96.0,425.7,90/90/90/DNP/90,4,,Fit,First-choice RB; regular Belgium starter,2,425.7
Maxim De Cuyper,DEF,LB,Brighton,Belgium,G,100,2,Regular Starter,71.7,184,92,50,Fit,Brighton LB; quick and attack-minded; first-choice left back; good crossing and dribbling,55.5,96.0,425.7,90/90/90/90/DNP,4,,Fit,First-choice LB; Brighton form strong,2,425.7
Arthur Theate,DEF,CB,Eintracht Frankfurt,Belgium,G,100,3,Impact Sub,32.0,48,92,50,Fit,Frankfurt CB/LB; physical and commanding; rotation defender,50.0,89.0,142.4,90/DNP/90/90/DNP,3,,Fit,Rotation CB/LB; squad depth,3,142.4
Thomas Meunier,DEF,RB,Lille,Belgium,G,100,4,Depth,12.0,12,92,50,Fit,Veteran RB (34); Lille; squad depth behind Castagne,55.5,136.9,73.0,DNP/90/DNP/90/DNP,2,,Fit,Backup RB; veteran squad cover,4,73.0
Brandon Mechele,DEF,CB,Club Brugge,Belgium,G,100,4,Depth,12.0,12,92,50,Fit,Club Brugge CB veteran; squad depth only,50.0,131.4,70.1,90/DNP/DNP/90/DNP,2,,Fit,4th CB; depth cover,4,70.1
Nathan Ngoy,DEF,LB,Lille,Belgium,G,100,4,Depth,12.0,12,92,50,Fit,Lille LB/FB; young versatile backup; minimal expected minutes,55.5,136.9,73.0,DNP/90/DNP/DNP/DNP,1,,Fit,Backup LB; squad depth,4,73.0
Joaquin Seys,DEF,CB,Club Brugge,Belgium,G,100,4,Depth,12.0,12,92,50,Fit,Club Brugge CB; young squad option; depth cover only,50.0,131.4,70.1,DNP/DNP/90/DNP/DNP,1,,Fit,5th CB; depth only,4,70.1
Amadou Onana,MID,DM,Everton,Belgium,G,100,1,Automatic Starter,82.4,207,92,50,Fit,"Everton DM; Belgium's engine room — elite ball-winner, powerful and technical; anchors the midfield alongside De Bruyne",68.4,98.4,496.5,90/90/90/90/90,5,,Fit,Undisputed first-choice DM; world-class at 23,1,496.5
Youri Tielemans,MID,CM,Aston Villa,Belgium,G,100,2,Regular Starter,71.7,184,92,50,Fit,Villa CM; experienced Belgian midfielder; good range of passing; regular rotation alongside Onana/De Bruyne,63.9,98.4,436.5,90/90/90/DNP/90,4,,Fit,Regular CM starter; Villa form keeps him relevant,2,436.5
Axel Witsel,MID,DM,Girona,Belgium,G,100,3,Impact Sub,32.0,48,92,50,Fit,Veteran DM (36); Girona; Belgium legend; squad cover and leadership; minimal expected minutes,66.5,107.2,171.5,90/DNP/90/DNP/90,3,,Fit,Veteran leadership; 3rd DM option,3,171.5
Hans Vanaken,MID,CM,Club Brugge,Belgium,G,100,4,Depth,12.0,12,92,50,Fit,Club Brugge CM; set-piece specialist; depth only,63.9,146.6,78.2,DNP/90/DNP/DNP/90,2,,Fit,4th CM; squad depth,4,78.2
Nicolas Raskin,MID,CM,Rangers,Belgium,G,100,4,Depth,12.0,12,92,50,Fit,Rangers CM; young and energetic; depth option only,63.9,146.6,78.2,DNP/90/DNP/90/DNP,2,,Fit,5th CM; squad depth,4,78.2
Leandro Trossard,FWD,,Arsenal,Belgium,G,100,2,Regular Starter,71.7,184,92,50,Fit,Arsenal winger/forward; strong 2025-26 season; direct and clinical; key rotation on the left flank,63.6,96.8,429.1,90/90/90/90/DNP,4,,Fit,Regular starter; Arsenal form undeniable,2,429.1
Charles De Ketelaere,FWD,,Atalanta,Belgium,G,100,2,Regular Starter,71.7,184,92,50,Fit,"Atalanta AM/winger; outstanding 2024-25, solid 2025-26; creative and direct; key Belgium attacking option",57.3,90.5,401.3,90/90/DNP/90/90,4,,Fit,Regular attacking rotation; Atalanta form justified,2,401.3
Alexis Saelemaekers,FWD,,AC Milan,Belgium,G,100,3,Impact Sub,32.0,48,92,50,Fit,AC Milan winger; energetic and pressing; impact option on right,65.7,108.9,174.2,90/DNP/90/90/DNP,3,,Fit,Rotation winger; Milan form earned selection,3,174.2
Dodi Lukebakio,FWD,,Benfica,Belgium,G,100,3,Impact Sub,32.0,48,92,50,Fit,Benfica winger; pace and power; impact off bench,65.7,108.9,174.2,DNP/90/90/DNP/90,3,,Fit,Impact winger; Benfica form earned spot,3,174.2
Matias Fernández-Pardo,FWD,,Lille,Belgium,G,100,4,Depth,12.0,12,92,50,Fit,Lille winger; young French-born Belgian; squad depth,45.2,129.7,69.2,DNP/DNP/90/DNP/DNP,1,,Fit,5th winger; youth option,4,69.2
Diego Moreira,FWD,,Strasbourg,Belgium,G,100,4,Depth,12.0,12,92,50,Fit,Strasbourg winger; young Portuguese-born Belgian; squad depth,45.2,129.7,69.2,DNP/90/DNP/DNP/DNP,1,,Fit,6th winger; depth only,4,69.2
Ederson,GK,,Fenerbahçe,Brazil,C,100,GK2,Backup GK,10.0,10,83,20,Fit,Former Man City GK; now Fenerbahçe; reliable No.2 behind Alisson,27.8,40.5,18.0,DNP/90/DNP/DNP/DNP,1,,Fit,No.2 GK; no starts expected,GK2,18.0
Weverton,GK,,Grêmio,Brazil,C,100,GK3,Third GK,2.0,3,83,20,Fit,Grêmio veteran; third choice; no minutes expected,27.8,40.3,4.0,DNP/DNP/90/DNP/DNP,1,,Fit,Third GK; experience only,GK3,4.0
Marquinhos,DEF,CB,Paris Saint-Germain,Brazil,C,100,1,Automatic Starter,86.1,202,83,20,Fit,"PSG captain; Brazil captain; elite CB (30); commanding in the air, superb reading of the game; partners Gabriel Magalhães at the heart of Brazil's defence",55.6,87.5,447.5,90/90/90/90/90,5,,Fit,Co-captain; undisputed first-choice CB,1,447.5
Bremer,DEF,CB,Juventus,Brazil,C,100,2,Regular Starter,68.0,160,83,20,Fit,Juventus CB; powerful and aggressive; third CB option rotating with Marquinhos/Gabriel,50.0,89.7,363.0,90/90/90/DNP/90,4,,Fit,Regular CB rotation; Juventus quality,2,363.0
Danilo,DEF,RB,Flamengo,Brazil,C,100,2,Regular Starter,68.0,160,83,20,Fit,Flamengo RB; Brazil captain/veteran (34); experienced in Europe; competes with Wesley for starts,55.5,95.2,384.9,90/90/DNP/90/90,4,,Fit,Veteran RB; Ancelotti may rotate with Wesley,2,384.9
Wesley,DEF,RB,Roma,Brazil,C,100,2,Regular Starter,68.0,160,83,20,Fit,Roma RB; young and attacking (22); overlapping runs and crossing; competes with Danilo for RB starts,55.5,95.2,384.9,90/90/90/DNP/90,4,,Fit,Young RB option; Ancelotti trusts him,2,384.9
Alex Sandro,DEF,LB,Flamengo,Brazil,C,100,3,Impact Sub,35.0,46,83,20,Fit,Veteran LB (35); Flamengo; familiar to Ancelotti from Juventus; squad depth at left back,55.5,90.5,151.9,90/DNP/90/90/DNP,3,,Fit,Veteran LB rotation; Ancelotti connection,3,151.9
Léo Pereira,DEF,CB,Flamengo,Brazil,C,100,4,Depth,12.0,11,83,20,Fit,Flamengo CB; strong and physical; 4th CB option,50.0,129.4,67.6,DNP/90/DNP/90/DNP,2,,Fit,4th CB; squad depth,4,67.6
Roger Ibañez,DEF,CB,Al-Ahli,Brazil,C,100,4,Depth,12.0,11,83,20,Fit,"Al-Ahli CB; experienced in Italy (Roma, Atalanta); depth cover",50.0,129.4,67.6,DNP/90/DNP/DNP/90,2,,Fit,5th CB; squad cover,4,67.6
Douglas Santos,DEF,LB,Zenit Saint Petersburg,Brazil,C,100,4,Depth,12.0,11,83,20,Fit,Zenit LB; solid left back cover; minimal expected minutes,55.5,134.9,70.4,DNP/DNP/90/DNP/DNP,1,,Fit,Backup LB; squad cover,4,70.4
Bruno Guimarães,MID,CM,Newcastle United,Brazil,C,100,1,Automatic Starter,86.1,202,83,20,Fit,"Newcastle CM; Brazil's midfield heartbeat — box-to-box, ball-winning and creative; one of the best CMs in the world",73.0,101.2,517.7,90/90/90/90/90,5,,Fit,Undisputed first-choice CM; world-class form,1,517.7
Lucas Paquetá,MID,AM,Flamengo,Brazil,C,100,2,Regular Starter,68.0,160,83,20,Fit,Flamengo AM; Brazil's creative No.10; goals and assists; technical and direct,62.2,96.6,390.8,90/90/90/90/DNP,4,,Fit,Regular AM starter; key creative outlet,2,390.8
Casemiro,MID,DM,Manchester United,Brazil,C,100,2,Regular Starter,68.0,160,83,20,Fit,Man Utd DM (34); Brazil co-captain; experienced ball-winner and shield; competes with Guimarães/Paquetá for starts; may be slightly rotated,64.3,99.1,400.7,90/90/90/DNP/90,4,,Fit,Co-captain; rotation DM alongside Guimarães,2,400.7
Fabinho,MID,DM,Al-Ittihad,Brazil,C,100,4,Depth,12.0,11,83,20,Fit,Al-Ittihad DM veteran (32); squad depth behind Casemiro/Guimarães,66.5,147.5,77.0,DNP/90/DNP/DNP/90,2,,Fit,Veteran DM depth; Saudi league minutes,4,77.0
Danilo Santos,MID,CM,Botafogo,Brazil,C,100,4,Depth,12.0,11,83,20,Fit,Botafogo CM; emerging Brazilian midfielder; squad depth,63.9,144.9,75.7,DNP/DNP/90/DNP/DNP,1,,Fit,Depth CM; Botafogo form earned call-up,4,75.7
Neymar,FWD,,Santos,Brazil,C,100,2,Regular Starter,68.0,160,83,20,Fit,"Record Brazil goalscorer (79 goals); returned to Santos; ACL recovery completed; Ancelotti believed in his fitness; if fit, still one of the most creative players on the planet",69.7,104.1,421.2,90/90/DNP/90/90,4,ACL recovery 2024-25,Fit — returned to Santos; declared fit for WC camp,"T2 given injury history; when fit, absolute starter quality",2,421.2
Endrick,FWD,,Lyon,Brazil,C,100,2,Regular Starter,68.0,160,83,20,Fit,Lyon CF (19); explosive pace and finishing; outstanding 2025-26 Ligue 1 season; Brazil's next superstar; Ancelotti's first-choice striker,52.2,86.6,350.3,90/90/90/90/90,5,,Fit,First-choice CF; unstoppable form at 19,2,350.3
Gabriel Martinelli,FWD,,Arsenal,Brazil,C,100,3,Impact Sub,35.0,46,83,20,Fit,Arsenal LW; direct and energetic; competes with Vinícius/Neymar for left flank; excellent pressing,62.3,102.5,172.0,90/90/DNP/90/90,4,,Fit,Rotation winger; Arsenal regular,3,172.0
Igor Thiago,FWD,,Brentford,Brazil,C,100,3,Impact Sub,35.0,46,83,20,Fit,Brentford CF; powerful target man; strong PL season; backup to Endrick; aerially dominant,45.2,85.5,143.4,90/DNP/90/90/DNP,3,,Fit,Backup CF; Brentford form earned selection,3,143.4
Luiz Henrique,FWD,,Zenit Saint Petersburg,Brazil,C,100,4,Depth,12.0,11,83,20,Fit,Zenit winger; pace and directness; squad depth option,45.2,128.4,67.1,DNP/90/DNP/DNP/90,2,,Fit,Depth winger; squad cover,4,67.1
Rayan,FWD,,Bournemouth,Brazil,C,100,4,Depth,12.0,11,83,20,Fit,Bournemouth winger (19); exciting young talent; surprise call-up; squad depth,45.2,128.4,67.1,DNP/DNP/90/DNP/DNP,1,,Fit,Young squad option; depth only,4,67.1
Dominik Livaković,GK,,Dinamo Zagreb,Croatia,L,100,GK1,Starting GK,90.0,198,82,30,Fit,Croatia No.1; WC 2022 penalty hero (saved 3 in KO rounds); returned to Dinamo Zagreb; commanding shot-stopper,30.5,61.3,319.0,90/90/90/90/90,5,,Fit,Undisputed No.1; WC pedigree,GK1,319.0
Ivan Kotarski,GK,,FC Copenhagen,Croatia,L,100,GK2,Backup GK,5.0,10,82,30,Fit,Croatia No.2; FC Copenhagen regular; no WC starts expected,27.8,38.4,10.7,90/DNP/90/90/DNP,3,,Fit,Backup GK; no minutes expected,GK2,10.7
Marko Pandur,GK,,Hull City,Croatia,L,100,GK3,Third GK,0.0,0,82,30,Fit,Croatia No.3; Hull City; third-choice only; no minutes expected,0.0,0.0,0.0,DNP/DNP/90/DNP/DNP,1,,Fit,Third GK; squad depth only,GK3,0.0
Josip Stanišić,DEF,RB,Bayern Munich,Croatia,L,100,1,Automatic Starter,84.0,196,82,30,Fit,Croatia first-choice RB; Bayern Munich regular; strong in possession and defensively reliable; covers at CB when needed,55.5,85.0,423.3,90/90/90/90/90,5,,Fit,Undisputed RB starter; Bayern quality,1,423.3
Duje Ćaleta-Car,DEF,CB,Real Sociedad,Croatia,L,100,1,Automatic Starter,84.0,196,82,30,Fit,Experienced Croatia CB (28); Real Sociedad regular; dominant aerially and composed in possession,50.0,79.6,396.3,90/90/90/90/DNP,4,,Fit,First-choice CB pairing with Šutalo,1,396.3
Martin Erlić,DEF,CB,Midtjylland,Croatia,L,100,3,Impact Sub,42.0,48,82,30,Fit,Croatia squad CB; Midtjylland; rotation depth behind Ćaleta-Car/Šutalo/Gvardiol,50.0,77.4,149.6,90/DNP/90/DNP/90,3,,Fit,Third CB; rotation cover,3,149.6
Šime Vušković,DEF,CB,Hamburger SV,Croatia,L,100,4,Depth,18.0,14,82,30,Fit,Young Croatia CB (22); Hamburg; fifth CB option; minimal minutes expected,50.0,103.7,78.3,DNP/90/DNP/DNP/90,2,,Fit,4th/5th CB; youth depth,4,78.3
Marin Pongračić,DEF,CB,Fiorentina,Croatia,L,100,2,Regular Starter,68.0,130,82,30,Fit,Croatia CB; Fiorentina; key rotation CB when Gvardiol managed; physical and aggressive; competes with Erlić for 4th CB spot,50.0,87.2,323.8,90/90/DNP/90/90,4,,Fit,Regular rotation CB with Gvardiol managed,2,323.8
Domagoj Šutalo,DEF,CB,Ajax,Croatia,L,100,1,Automatic Starter,84.0,196,82,30,Fit,Croatia first-choice CB alongside Ćaleta-Car; Ajax regular; composed on the ball; 25 years old; developing into a top CB,50.0,79.6,396.3,90/90/90/90/90,5,,Fit,Undisputed CB starter; Ajax pedigree,1,396.3
Luka Modrić,MID,CM,AC Milan,Croatia,L,100,2,Regular Starter,70.0,140,82,30,Fit,Croatia legend (40); AC Milan; still a key starter under Dalić; managed with careful load; elite passing range and reading of the game,71.8,103.5,402.5,90/90/sub/90/90,4,,Fit,Key starter; managed at 40; sub around 70 min,2,402.5
Mateo Kovačić,MID,CM,Manchester City,Croatia,L,100,3,Impact Sub,38.0,42,82,30,Injury,Achilles injury; missed most of 2025-26 season; included on fitness optimism; match readiness very uncertain by Jun 17,69.0,100.7,174.6,DNP(inj)/DNP(inj)/DNP(inj)/sub/sub,0,Achilles tear,Injury: Achilles; returning late May; no competitive mins since Dec 2025,T3: quality player but fitness huge doubt; bench at best if available,3,174.6
Mario Pašalić,MID,AM,Atalanta,Croatia,L,100,2,Regular Starter,70.0,140,82,30,Fit,Creative attacking MF; Atalanta Serie A regular; goals and assists from midfield; key to Croatia's attacking system,63.4,94.9,369.2,90/90/90/90/sub,4,,Fit,Regular starter; Atalanta goal contributions,2,369.2
Nikola Vlašić,MID,AM,Torino,Croatia,L,100,2,Regular Starter,65.0,120,82,30,Fit,Croatia AM; Torino regular; energetic box-to-box player; regular Croatia starter; competes with Mario Pašalić for advanced MID role,62.4,95.9,335.7,90/90/sub/90/90,4,,Fit,Regular rotation in Dalić system,2,335.7
Luka Sučić,MID,CM,Real Sociedad,Croatia,L,100,2,Regular Starter,68.0,130,82,30,Fit,Young Croatia CM (22); Real Sociedad; technical and progressive; established himself as key starter post-Modrić transition,63.9,96.5,358.1,90/90/90/90/DNP,4,,Fit,Emerging key starter; Real Sociedad form excellent,2,358.1
Martin Baturina,MID,AM,Como,Croatia,L,100,3,Impact Sub,42.0,48,82,30,Fit,Young attacking MF (22); Como; creative dribbler and chance creator; impact sub option in Dalić's attacking system,64.9,97.7,188.8,90/sub/90/DNP/90,3,,Fit,Impact AM sub; developing Croatia talent,3,188.8
Kristijan Jakić,MID,DM,Augsburg,Croatia,L,100,3,Squad Player,42.0,48,82,30,Fit,Defensive MF; Augsburg; squad depth behind Modrić/Kovačić/L.Sučić; reliable holding option when needed,66.5,96.0,185.7,90/DNP/sub/90/DNP,2,,Fit,DM rotation; defensive cover,3,185.7
Petar Sučić,MID,CM,Inter Milan,Croatia,L,100,3,Squad Player,38.0,42,82,30,Fit,Inter Milan youth product; Croatia CM (20); minimal first-team experience; squad depth with potential,63.9,95.7,165.9,sub/DNP/sub/90/DNP,1,,Fit,Young depth option; Inter pedigree but limited mins,3,165.9
Nikola Moro,MID,CM,Bologna,Croatia,L,100,3,Squad Player,35.0,38,82,30,Fit,Bologna CM; defensive-minded; squad cover; typically behind main starters,63.9,97.8,155.3,90/sub/DNP/sub/90,2,,Fit,Rotation cover CM; Bologna squad level,3,155.3
Josip Fruk,MID,CM,HNK Rijeka,Croatia,L,100,4,Depth,18.0,14,82,30,Fit,Domestic league product; Rijeka CM; squad depth selection; minimal WC minutes expected,63.9,119.1,90.0,90/DNP/DNP/90/DNP,2,,Fit,4th/5th CM; domestic-league depth,4,90.0
Andrej Kramarić,FWD,,Hoffenheim,Croatia,L,100,1,Automatic Starter,84.0,196,82,30,Fit,Croatia's first-choice CF (33); Hoffenheim top scorer; prolific and clinical; national record scorer; lethal from set pieces,52.6,79.2,394.0,90/90/90/90/90,5,,Fit,Undisputed No.1 striker; national record holder,1,394.0
Ivan Perišić,FWD,,PSV Eindhoven,Croatia,L,100,2,Regular Starter,68.0,130,82,30,Fit,Veteran Croatia winger (35); PSV Eindhoven; experienced WC contributor; key left flank option; managed due to age but still influential,59.8,92.1,341.9,90/90/sub/90/DNP,3,,Fit,Starting winger; veteran managed minutes,2,341.9
Ante Budimir,FWD,,Osasuna,Croatia,L,100,2,Regular Starter,65.0,120,82,30,Fit,Croatia back-up striker; Osasuna consistent scorer; strong aerial presence; rotation option behind Kramarić,45.2,78.7,275.4,sub/90/90/sub/90,3,,Fit,Second striker; Osasuna form solid,2,275.4
Marko Pašalić,FWD,,Orlando City,Croatia,L,100,3,Impact Sub,42.0,48,82,30,Fit,Croatia FWD; Orlando City MLS; impact option from the bench; useful rotation and set-piece threat,45.2,77.9,150.6,90/sub/DNP/sub/90,2,,Fit,Impact sub FWD; MLS form,3,150.6
Ivan Muša,FWD,,FC Dallas,Croatia,L,100,3,Squad Player,38.0,40,82,30,Fit,Croatia FWD; FC Dallas MLS; squad depth striker; minimal WC starts expected; depth cover for Kramarić,45.2,80.1,137.1,sub/90/DNP/sub/DNP,1,,Fit,MLS striker; squad depth only,3,137.1
Oliver Matanović,FWD,,SC Freiburg,Croatia,L,100,3,Squad Player,35.0,38,82,30,Fit,Young Croatia striker (21); SC Freiburg; emerging Bundesliga talent; pace and clinical finishing; depth option behind Kramarić/Budimir,45.2,82.2,130.7,90/sub/90/DNP/sub,2,,Fit,Young depth striker; Freiburg development,3,130.7
Édouard Mendy,GK,,Al-Ahli,Senegal,I,100,GK1,Starting GK,90.0,168,65,28,Fit,Senegal No.1 (34); Al-Ahli Saudi Pro League; experienced shot-stopper; ex-Chelsea; solid WC pedigree,27.8,27.8,135.1,90/90/90/90/90,5,,Fit,Undisputed No.1,GK1,135.1
Yehvann Diouf,GK,,OGC Nice,Senegal,I,100,GK2,Backup GK,5.0,10,65,28,Fit,Senegal No.2; OGC Nice; no WC starts expected,27.8,27.8,7.7,90/DNP/90/DNP/90,3,,Fit,Backup GK; no mins expected,GK2,7.7
Mory Diaw,GK,,Le Havre,Senegal,I,100,GK3,Third GK,0.0,0,65,28,Fit,Senegal No.3; Le Havre Ligue 1; third-choice only,0.0,0.0,0.0,DNP/DNP/90/DNP/DNP,1,,Fit,Third GK; no minutes,GK3,0.0
Kalidou Koulibaly,DEF,CB,Al-Hilal,Senegal,I,100,1,Automatic Starter,80.0,162,65,28,Fit,Senegal captain (34); Al-Hilal; still elite CB; towering and commanding; defensive rock and set-piece threat,54.3,54.3,242.4,90/90/90/90/90,5,,Fit,Undisputed captain and first-choice CB,1,242.4
Ismaïl Jakobs,DEF,LB,Galatasaray,Senegal,I,100,1,Automatic Starter,80.0,162,65,28,Fit,First-choice Senegal LB; Galatasaray; attack-minded and energetic; strong dribbler for a left back,55.5,55.5,247.7,90/90/90/90/DNP,4,,Fit,First-choice LB; Galatasaray form solid,1,247.7
Moussa Niakhaté,DEF,CB,Lyon,Senegal,I,100,2,Regular Starter,62.0,104,65,28,Fit,Lyon CB; powerful and aerial; regular Senegal CB alongside Koulibaly,50.0,50.0,161.2,90/90/90/DNP/90,4,,Fit,Regular CB partner to Koulibaly,2,161.2
El Hadji Malick Diouf,DEF,RB,West Ham United,Senegal,I,100,2,Regular Starter,62.0,104,65,28,Fit,West Ham full-back; can play RB and LB; energetic; solid attacking contributions,55.5,55.5,178.7,90/90/DNP/90/90,4,,Fit,Regular full-back rotation,2,178.7
Mamadou Sarr,DEF,CB,Chelsea,Senegal,I,100,2,Regular Starter,60.0,98,65,28,Fit,Young Chelsea CB; impressive technically; gaining international experience,50.0,50.0,154.5,90/sub/90/90/DNP,3,,Fit,Young regular CB rotation,2,154.5
Krépin Diatta,DEF,RB,AS Monaco,Senegal,I,100,2,Regular Starter,60.0,98,65,28,Fit,Monaco; versatile RB/winger; direct and attacking; regular Senegal option,55.5,55.5,171.3,90/90/sub/90/DNP,3,,Fit,Versatile RB option; Monaco form,2,171.3
Ilay Camara,DEF,LB,Anderlecht,Senegal,I,100,3,Impact Sub,40.0,46,65,28,Fit,Anderlecht LB; squad depth behind Jakobs; young option,55.5,55.5,102.3,90/DNP/sub/90/DNP,2,,Fit,Backup LB; Anderlecht squad level,3,102.3
Antoine Mendy,DEF,RB,OGC Nice,Senegal,I,100,3,Squad Player,40.0,46,65,28,Fit,Nice RB; Senegal defensive rotation; limited WC starts expected,55.5,55.5,102.3,90/DNP/90/DNP/DNP,2,,Fit,Rotation RB; Nice squad level,3,102.3
Abdoulaye Seck,DEF,CB,Maccabi Haifa,Senegal,I,80,3,Squad Player,38.0,42,65,28,Fit,Provisional 28-man squad (June 2 cut to 26 TBC); Maccabi Haifa CB; marginal selection; may be cut before tournament,50.0,50.0,86.7,90/DNP/DNP/90/DNP,2,,Fit,Marginal CB; provisional squad inclusion,3,69.4
Moustapha Mbow,DEF,RB,Paris FC,Senegal,I,80,4,Depth,16.0,10,65,28,Fit,Provisional; Paris FC Ligue 2; most likely to be cut before June 2,55.5,55.5,35.7,90/DNP/DNP/DNP/90,2,,Fit,Fringe provisional; Ligue 2 level; likely cut,4,28.6
Pape Matar Sarr,MID,CM,Tottenham Hotspur,Senegal,I,100,1,Automatic Starter,80.0,162,65,28,Fit,Tottenham CM (23); key creative force; returning from injury; dynamic box-to-box; key to Senegal's midfield engine,69.0,69.0,308.3,90/sub/90/90/90,4,,Fit,Key starter; Spurs form excellent,1,308.3
Lamine Camara,MID,AM,AS Monaco,Senegal,I,100,1,Automatic Starter,80.0,162,65,28,Fit,Monaco AM; creative and progressive; key attacking midfielder; rapid development into Senegal's most creative player,62.9,62.9,281.1,90/90/90/90/sub,4,,Fit,Creative starter; Monaco quality,1,281.1
Idrissa Gana Gueye,MID,DM,Everton,Senegal,I,100,2,Regular Starter,62.0,100,65,28,Managed,Everton DM (36); experienced; late-season injury concern; managed load; defensive anchor; WC experience,66.5,66.5,211.4,90/DNP(inj)/90/sub/90,3,Late-season injury,Managed: missed some late Everton games; cleared to play,Veteran DM starter; managed load,2,211.4
Pape Gueye,MID,CM,Villarreal,Senegal,I,100,2,Regular Starter,60.0,96,65,28,Fit,Villarreal CM; physical and energetic; box-to-box rotation option,63.9,63.9,196.0,90/90/DNP/90/sub,3,,Fit,Regular CM rotation; Villarreal form,2,196.0
Pathé Ciss,MID,DM,Rayo Vallecano,Senegal,I,100,3,Impact Sub,40.0,44,65,28,Fit,Rayo Vallecano DM; defensive cover; squad rotation behind Gueye,66.5,66.5,121.2,90/sub/DNP/sub/90,2,,Fit,Backup DM; Rayo Vallecano level,3,121.2
Habib Diarra,MID,CM,Sunderland,Senegal,I,100,3,Squad Player,38.0,42,65,28,Fit,Sunderland Championship CM; young developing talent; squad depth,63.9,63.9,110.8,sub/90/DNP/sub/DNP,1,,Fit,Young squad depth CM,3,110.8
Bara Sapoko Ndiaye,MID,CM,Bayern Munich,Senegal,I,80,3,Squad Player,36.0,38,65,28,Fit,Provisional; Bayern Munich (18); surprise call-up; youth talent; may be cut before June 2 deadline,63.9,63.9,103.7,DNP/sub/DNP/sub/DNP,0,,Fit,Provisional youth inclusion; minimal intl mins,3,83.0
Sadio Mané,FWD,,Al-Nassr,Senegal,I,100,1,Automatic Starter,80.0,162,65,28,Fit,Senegal all-time top scorer (51+ goals); Al-Nassr; came out of intl retirement; expected final WC; winger/CF; still decisive,68.2,68.2,304.6,90/90/90/90/sub,4,,Fit,Star player; international retirement reversed for this WC,1,304.6
Nicolas Jackson,FWD,,Chelsea,Senegal,I,100,1,Automatic Starter,80.0,162,65,28,Fit,Chelsea striker (Bayern loan 25-26); registered as Chelsea for WC; powerful and fast CF; strong finisher; key alongside Mané,41.5,41.5,185.2,90/90/90/sub/90,4,,Fit,First-choice CF; Chelsea quality,1,185.2
Ismaïla Sarr,FWD,,Crystal Palace,Senegal,I,100,2,Regular Starter,64.0,104,65,28,Fit,Crystal Palace winger (26); pace and power; regular right-wing option; direct and dangerous in transition,65.7,65.7,216.2,90/90/90/DNP/90,4,,Fit,Regular winger rotation,2,216.2
Iliman Ndiaye,FWD,,Everton,Senegal,I,100,2,Regular Starter,62.0,100,65,28,Fit,Everton forward; creative and direct; can play multiple forward positions; important squad member,65.7,65.7,208.9,90/sub/90/90/DNP,3,,Fit,Regular attacking rotation,2,208.9
Assane Diao,FWD,,Como,Senegal,I,100,3,Impact Sub,40.0,44,65,28,Fit,Como Serie A forward; young and explosive; impact option off bench,45.2,45.2,82.3,sub/90/DNP/sub/90,2,,Fit,Young impact option; Como form,3,82.3
Chérif Ndiaye,FWD,,Samsunspor,Senegal,I,100,3,Squad Player,38.0,40,65,28,Fit,Samsunspor forward; squad depth striker; limited WC minutes expected,45.2,45.2,77.3,90/DNP/sub/sub/DNP,1,,Fit,Depth forward; Turkish Süper Lig level,3,77.3
Bamba Dieng,FWD,,Lorient,Senegal,I,80,4,Depth,16.0,10,65,28,Fit,Provisional; Lorient Ligue 2; may be cut before June 2 deadline; pace option but limited mins expected,45.2,45.2,29.1,90/DNP/sub/DNP/DNP,1,,Fit,Provisional fringe; Ligue 2 level,4,23.3
Ibrahim Mbaye,FWD,,Paris Saint-Germain,Senegal,I,80,4,Depth,16.0,10,65,28,Fit,Provisional; PSG youth forward; uncapped or minimal caps; may be cut before June 2 deadline,45.2,45.2,29.1,DNP/sub/DNP/sub/DNP,0,,Fit,Provisional youth forward; PSG system,4,23.3
Zion Suzuki,GK,,Parma,Japan,F,100,GK1,Starting GK,90.0,162,62,22,Fit,Japan No.1 (23); Parma Serie A; excellent shot-stopper; clean sheet run in qualifiers; commanding in box,27.8,27.8,133.2,90/90/90/90/90,5,,Fit,Undisputed No.1; Parma regular,GK1,133.2
Keisuke Osako,GK,,Sanfrecce Hiroshima,Japan,F,100,GK2,Backup GK,5.0,8,62,22,Fit,Japan No.2; Sanfrecce Hiroshima J-League; backup only,27.8,27.8,7.1,90/DNP/90/DNP/DNP,2,,Fit,Backup GK; domestic league,GK2,7.1
Tomoki Hayakawa,GK,,Kashima Antlers,Japan,F,100,GK3,Third GK,0.0,0,62,22,Fit,Japan No.3; Kashima Antlers; no WC minutes expected,0.0,0.0,0.0,DNP/DNP/90/DNP/DNP,1,,Fit,Third GK; squad depth only,GK3,0.0
Hiroki Ito,DEF,CB,Bayern Munich,Japan,F,100,1,Automatic Starter,80.0,158,62,22,Fit,Bayern Munich CB/LB (27); Japan defensive linchpin; composed in possession; dominant in the air; Bundesliga quality,50.0,50.0,221.2,90/90/90/90/90,5,,Fit,Undisputed first-choice CB/LB; Bayern regular,1,221.2
Ko Itakura,DEF,CB,Ajax,Japan,F,100,1,Automatic Starter,80.0,158,62,22,Fit,Ajax CB (29); Japan captain contender; commanding defender; strong in the air and comfortable on the ball,50.0,50.0,221.2,90/90/90/90/90,5,,Fit,First-choice CB pairing; Ajax pedigree,1,221.2
Yukinari Sugawara,DEF,RB,Werder Bremen,Japan,F,100,2,Regular Starter,60.0,100,62,22,Fit,Werder Bremen RB (25); attack-minded; overlapping runs; regular right-back option for Moriyasu,55.5,55.5,172.5,90/90/90/DNP/90,4,,Fit,Regular RB starter; Werder form solid,2,172.5
Takehiro Tomiyasu,DEF,RB,Ajax,Japan,F,100,2,Regular Starter,58.0,94,62,22,Managed,Ajax RB/CB (27); injury concerns (shoulder/knee history at Arsenal); included on fitness; can play RB and CB; quality when fit,55.5,55.5,165.1,90/sub/90/DNP(inj)/90,3,Prior shoulder/knee issues,Managed: cleared to play; monitored load,Rotation RB/CB; fitness must be managed,2,165.1
Tsuyoshi Watanabe,DEF,CB,Feyenoord,Japan,F,100,2,Regular Starter,58.0,94,62,22,Fit,Feyenoord CB (29); physical and commanding; third-choice CB option,50.0,50.0,149.0,90/90/DNP/90/sub,3,,Fit,Regular CB rotation; Feyenoord quality,2,149.0
Ayumu Seko,DEF,LB,Le Havre,Japan,F,100,3,Impact Sub,38.0,42,62,22,Fit,Le Havre LB (26); backup left-back option; limited WC starts expected,55.5,55.5,96.1,90/DNP/sub/90/DNP,2,,Fit,Backup LB; Ligue 1 squad level,3,96.1
Shogo Taniguchi,DEF,CB,Sint-Truiden,Japan,F,100,3,Squad Player,38.0,40,62,22,Fit,Sint-Truiden CB (34); veteran; squad depth; limited WC starts expected,50.0,50.0,85.6,90/sub/DNP/sub/90,2,,Fit,Veteran CB cover; Belgian Pro League,3,85.6
Junnosuke Suzuki,DEF,RB,FC Copenhagen,Japan,F,100,3,Squad Player,36.0,38,62,22,Fit,FC Copenhagen RB (22); young; squad depth behind Sugawara/Tomiyasu,55.5,55.5,90.0,sub/DNP/90/DNP/sub,1,,Fit,Young backup RB; Copenhagen level,3,90.0
Yuto Nagatomo,DEF,LB,FC Tokyo,Japan,F,100,4,Depth,16.0,10,62,22,Fit,FC Tokyo LB (39); historic 5th World Cup; sentimental selection; squad depth — minimal competitive minutes expected,55.5,55.5,35.7,sub/DNP/90/DNP/DNP,1,,Fit,Veteran 5th-WC selection; symbolic,4,35.7
Wataru Endo,MID,DM,Liverpool,Japan,F,100,1,Automatic Starter,80.0,158,62,22,Managed,Liverpool DM captain (33); ankle ligament injury Feb 2026; returned to training; quality anchor; key to Japan's defensive structure,70.9,70.9,313.4,90/90/DNP(inj)/90/90,4,Ankle Feb 2026,Managed: returned from ankle; fit to play June,Captain and DM anchor; Liverpool quality; monitored,1,313.4
Takefusa Kubo,MID,AM,Real Sociedad,Japan,F,100,1,Automatic Starter,80.0,158,62,22,Fit,"Real Sociedad AM (25); Japan's most creative attacker; elite dribbler, chance creator; expected to be Japan's standout player",72.6,72.6,321.2,90/90/90/90/90,5,,Fit,Japan's best player; Real Sociedad form,1,321.2
Ao Tanaka,MID,CM,Leeds United,Japan,F,100,2,Regular Starter,62.0,100,62,22,Fit,Leeds CM (27); promoted to Premier League with Leeds; box-to-box energy and work rate; key rotation in Moriyasu system,63.9,63.9,203.2,90/90/90/90/sub,4,,Fit,Regular CM starter; Leeds PL promotion,2,203.2
Ritsu Doan,MID,AM,Eintracht Frankfurt,Japan,F,100,2,Regular Starter,62.0,100,62,22,Fit,Frankfurt winger/AM (27); direct and dangerous; key right-wing option; WC 2022 scorer; regular in Moriyasu system,65.0,65.0,206.4,90/90/90/DNP/90,4,,Fit,Regular winger/AM; Frankfurt form solid,2,206.4
Daichi Kamada,MID,AM,Crystal Palace,Japan,F,100,2,Regular Starter,60.0,96,62,22,Fit,Crystal Palace AM (29); creative and technical; eye for goal; rotation in Moriyasu attacking midfield,64.9,64.9,199.2,90/sub/90/90/DNP,3,,Fit,Regular AM rotation; Palace form,2,199.2
Kaishu Sano,MID,CM,Mainz 05,Japan,F,100,3,Impact Sub,38.0,42,62,22,Fit,Mainz CM (25); progressive passer; squad depth option,63.9,63.9,110.8,90/sub/DNP/sub/90,2,,Fit,CM rotation; Mainz Bundesliga,3,110.8
Junya Ito,MID,AM,KRC Genk,Japan,F,100,3,Squad Player,38.0,40,62,22,Fit,Genk winger (33); experienced Japan international; pace on right wing; squad cover behind Kubo/Doan,64.9,64.9,111.1,sub/90/DNP/sub/90,2,,Fit,Veteran winger rotation; Genk level,3,111.1
Keito Nakamura,MID,AM,Stade de Reims,Japan,F,100,3,Squad Player,36.0,38,62,22,Fit,Reims AM (25); technical and creative; squad depth attacking option,64.9,64.9,105.4,90/sub/DNP/sub/DNP,1,,Fit,Attacking rotation; Reims Ligue 1,3,105.4
Ayase Ueda,FWD,,Feyenoord,Japan,F,100,1,Automatic Starter,80.0,158,62,22,Fit,Feyenoord striker (27); Japan No.1 CF; clinical finisher; strong aerial presence; regular Moriyasu first-choice,48.7,48.7,215.4,90/90/90/90/90,5,,Fit,Undisputed first-choice striker; Feyenoord form,1,215.4
Daizen Maeda,FWD,,Celtic,Japan,F,100,2,Regular Starter,60.0,96,62,22,Fit,Celtic striker (28); high pressing and direct; regular Japan option; scored in WC 2022; excellent work rate,45.2,45.2,138.5,90/90/90/sub/90,4,,Fit,Regular forward rotation; Celtic form,2,138.5
Koki Ogawa,FWD,,NEC Nijmegen,Japan,F,100,2,Regular Starter,58.0,92,62,22,Fit,NEC Nijmegen striker (28); physical CF; rotation behind Ueda,45.2,45.2,133.5,sub/90/90/sub/90,3,,Fit,Backup striker; Eredivisie form,2,133.5
Yuito Suzuki,FWD,,SC Freiburg,Japan,F,100,3,Impact Sub,38.0,42,62,22,Fit,SC Freiburg winger/forward (24); Bundesliga talent; joined Freiburg from Brøndby July 2025; pace and direct play,45.2,45.2,78.3,sub/90/DNP/sub/90,2,,Fit,Impact winger; Bundesliga potential,3,78.3
Keisuke Goto,FWD,,Sint-Truiden,Japan,F,100,3,Squad Player,36.0,38,62,22,Fit,Sint-Truiden forward (21); young attacker; squad depth; minimal WC starts expected,45.2,45.2,73.3,sub/DNP/sub/90/DNP,1,,Fit,Young depth forward; Belgian Pro League,3,73.3
Kento Shiogai,FWD,,VfL Wolfsburg,Japan,F,100,3,Squad Player,34.0,36,62,22,Fit,Wolfsburg forward (21); young Bundesliga talent; squad depth option,45.2,45.2,69.3,DNP/sub/90/DNP/sub,1,,Fit,Young depth forward; Wolfsburg,3,69.3
Marvin Keller,GK,,BSC Young Boys,Switzerland,B,100,GK2,Backup GK,5.0,10,87,20,Fit,Young Boys GK; Switzerland No.2 behind Kobel; no WC starts expected,27.8,38.8,10.8,90/DNP/90/DNP/DNP,2,,Fit,Backup GK; domestic league,GK2,10.8
Yvon Mvogo,GK,,Lorient,Switzerland,B,100,GK3,Third GK,0.0,0,87,20,Fit,Lorient GK; Switzerland No.3; no WC minutes expected,0.0,0.0,0.0,DNP/90/DNP/DNP/DNP,1,,Fit,Third GK; Ligue 1 squad level,GK3,0.0
Manuel Akanji,DEF,CB,Inter Milan,Switzerland,B,100,1,Automatic Starter,82.0,200,87,20,Fit,Inter Milan CB (29); Switzerland No.1 CB; elite in possession and defending; Champions League quality; key to Yakin's build-out,55.5,86.3,427.7,90/90/90/90/90,5,,Fit,Undisputed first-choice CB; Inter CL quality,1,427.7
Silvan Widmer,DEF,RB,Mainz 05,Switzerland,B,100,1,Automatic Starter,82.0,200,87,20,Fit,Mainz RB; Switzerland first-choice right-back; solid defensively; contributes in attack with crosses and overlaps,55.5,86.2,427.3,90/90/90/90/DNP,4,,Fit,First-choice RB; Mainz Bundesliga regular,1,427.3
Nico Elvedi,DEF,CB,Borussia Mönchengladbach,Switzerland,B,100,2,Regular Starter,66.0,160,87,20,Fit,Gladbach CB (28); regular partner to Akanji; physical and aggressive; aerial strength; consistent Switzerland presence,50.0,88.1,350.3,90/90/90/90/sub,4,,Fit,Regular CB starter; Gladbach consistent,2,350.3
Ricardo Rodriguez,DEF,LB,Real Betis,Switzerland,B,100,2,Regular Starter,64.0,152,87,20,Fit,Veteran Switzerland LB (32); Real Betis; 4th World Cup; experienced and reliable; left-back anchor,55.5,94.5,361.3,90/90/DNP/90/90,4,,Fit,Veteran LB; 4th WC; Real Betis LaLiga,2,361.3
Aurele Amenda,DEF,CB,Eintracht Frankfurt,Switzerland,B,100,2,Regular Starter,62.0,148,87,20,Fit,Frankfurt CB; solid and technical; rotation CB option for Yakin,50.0,90.1,334.2,90/90/DNP/90/sub,3,,Fit,Regular CB rotation; Frankfurt quality,2,334.2
Eray Comert,DEF,CB,Valencia,Switzerland,B,100,3,Impact Sub,40.0,52,87,20,Fit,Valencia CB; 4th CB option; squad depth cover,50.0,80.1,153.0,90/DNP/sub/90/DNP,2,,Fit,Backup CB; Valencia LaLiga,3,153.0
Miro Muheim,DEF,LB,Hamburger SV,Switzerland,B,100,3,Squad Player,38.0,48,87,20,Fit,Hamburg LB; backup behind Rodriguez; squad depth only,55.5,86.7,156.1,sub/DNP/90/DNP/sub,1,,Fit,Backup LB; Bundesliga 2,3,156.1
Luca Jaquez,DEF,CB,VfB Stuttgart,Switzerland,B,100,3,Squad Player,36.0,44,87,20,Fit,Stuttgart CB; 5th CB option; minimal WC minutes expected,50.0,82.6,139.6,DNP/sub/90/DNP/sub,1,,Fit,Depth CB; Stuttgart Bundesliga,3,139.6
Granit Xhaka,MID,CM,Sunderland,Switzerland,B,100,1,Automatic Starter,82.0,200,87,20,Fit,Sunderland CM captain (33); 144 caps; 4th World Cup; Switzerland heartbeat; tenacious tackler and excellent passer; now in Championship but quality undimmed,72.9,100.3,496.9,90/90/90/90/90,5,,Fit,Captain; undisputed starter; 4th WC,1,496.9
Dan Ndoye,MID,AM,Nottingham Forest,Switzerland,B,100,1,Automatic Starter,80.0,196,87,20,Fit,Nottingham Forest winger (24); direct and explosive; Switzerland's most dangerous attacking threat on the right; Premier League quality earning him T1 status,67.3,95.4,462.1,90/90/90/90/sub,4,,Fit,Key wide attacker; Forest PL form strong,1,462.1
Remo Freuler,MID,CM,Bologna,Switzerland,B,100,2,Regular Starter,66.0,160,87,20,Fit,Bologna CM; experienced and reliable; key Xhaka partnership in midfield; excellent work rate and distribution,63.9,97.4,387.6,90/90/90/sub/90,4,,Fit,Regular CM partner to Xhaka; Bologna form,2,387.6
Ruben Vargas,MID,AM,Sevilla,Switzerland,B,100,2,Regular Starter,64.0,152,87,20,Fit,Sevilla winger (26); left-wing option; direct and pacy; key attacking rotation for Yakin,64.9,99.0,378.3,90/90/DNP/90/90,4,,Fit,Regular left winger; Sevilla LaLiga,2,378.3
Noah Okafor,MID,AM,Leeds United,Switzerland,B,100,2,Regular Starter,60.0,144,87,20,Fit,Leeds forward/winger; pace and power; versatile attacker; regular Switzerland option; PL promotion with Leeds,64.9,100.5,361.7,90/sub/90/90/DNP,3,,Fit,Regular wide forward; Leeds PL,2,361.7
Ardon Jashari,MID,CM,AC Milan,Switzerland,B,100,2,Regular Starter,60.0,140,87,20,Fit,"AC Milan CM (22); Switzerland's most exciting midfield talent; technical, progressive, and dynamic; Serie A quality",65.4,101.6,361.2,90/90/sub/90/DNP,3,,Fit,Young key CM; Milan quality,2,361.2
Denis Zakaria,MID,DM,AS Monaco,Switzerland,B,100,3,Impact Sub,40.0,52,87,20,Fit,Monaco DM; powerful and athletic; rotation option behind Freuler/Xhaka,66.5,98.6,188.4,sub/90/DNP/sub/90,2,,Fit,Rotation DM; Monaco Ligue 1,3,188.4
Djibril Sow,MID,CM,Sevilla,Switzerland,B,100,3,Squad Player,38.0,48,87,20,Fit,Sevilla CM; versatile in midfield; squad depth option,63.9,97.2,174.9,90/sub/DNP/sub/90,2,,Fit,Rotation CM; Sevilla squad level,3,174.9
Michel Aebischer,MID,CM,Pisa,Switzerland,B,100,3,Squad Player,36.0,44,87,20,Fit,Pisa CM (Italian league); squad depth midfielder,63.9,98.5,166.4,sub/DNP/90/sub/DNP,1,,Fit,Squad CM; lower-tier European league,3,166.4
Fabian Rieder,MID,AM,FC Augsburg,Switzerland,B,100,3,Squad Player,36.0,42,87,20,Fit,Augsburg AM; young talent; squad depth attacking option,64.9,102.6,170.9,sub/90/DNP/DNP/sub,1,,Fit,Young AM rotation; Augsburg Bundesliga,3,170.9
Joan Manzambi,MID,CM,SC Freiburg,Switzerland,B,100,4,Depth,18.0,14,87,20,Fit,Freiburg CM; 5th/6th midfield option; depth only,63.9,121.0,91.4,sub/DNP/DNP/sub/DNP,0,,Fit,Deep squad CM; minimal mins expected,4,91.4
Christian Fassnacht,MID,AM,BSC Young Boys,Switzerland,B,100,4,Depth,16.0,12,87,20,Fit,Young Boys AM; surprise recall; domestic league option; depth,64.9,128.9,85.9,90/DNP/sub/DNP/DNP,1,,Fit,Surprise recall; domestic league depth,4,85.9
Breel Embolo,FWD,,Rennes,Switzerland,B,100,1,Automatic Starter,80.0,196,87,20,Fit,Rennes striker (27); Switzerland No.1 CF; physical power and clinical; dangerous from set pieces; key WC 2022 scorer,48.0,76.1,368.7,90/90/90/90/sub,4,,Fit,Undisputed first-choice striker; Rennes form,1,368.7
Zeki Amdouni,FWD,,Burnley,Switzerland,B,100,2,Regular Starter,60.0,140,87,20,Managed,Burnley striker; ACL rupture Jul 2025; returned late-season with <60 min all 2025-26; selected on 11-goal intl record; match fitness a concern,45.2,80.9,287.5,sub/DNP(inj)/DNP(inj)/sub/sub,0,ACL Jul 2025,Managed: returning from ACL; limited minutes; Yakin optimistic,T2 potential; quality if fit — ACL recovery limits starts,2,287.5
Cedric Itten,FWD,,Fortuna Düsseldorf,Switzerland,B,100,3,Impact Sub,38.0,48,87,20,Fit,Düsseldorf striker; surprise inclusion; target man option; impact sub cover for Embolo,45.2,81.4,146.6,90/sub/DNP/sub/90,2,,Fit,Third-choice striker; Bundesliga 2,3,146.6
Jo Hyeon-woo,GK,,Ulsan HD FC,South Korea,A,100,GK1,Starting GK,90.0,144,56,22,Fit,South Korea No.1; Ulsan HD regular; experienced shot-stopper; strong WC pedigree; commanding on set pieces,27.8,27.8,127.7,90/90/90/90/90,5,,Fit,Undisputed No.1,GK1,127.7
Kim Seung-gyu,GK,,FC Tokyo,South Korea,A,100,GK2,Backup GK,5.0,8,56,22,Fit,South Korea No.2; FC Tokyo; veteran backup; no starts expected,27.8,27.8,7.1,90/DNP/DNP/90/DNP,2,,Fit,Backup GK; J-League,GK2,7.1
Song Bum-keun,GK,,Jeonbuk Hyundai Motors,South Korea,A,100,GK3,Third GK,0.0,0,56,22,Fit,Jeonbuk GK; South Korea No.3; no WC minutes expected,0.0,0.0,0.0,DNP/90/DNP/DNP/DNP,1,,Fit,Third GK; K-League,GK3,0.0
Kim Min-jae,DEF,CB,Bayern Munich,South Korea,A,100,1,Automatic Starter,78.0,140,56,22,Fit,"Bayern Munich CB; South Korea's best player (28); dominant aerial presence, incredible reading of the game; world-class CB; set-piece danger",54.5,54.5,226.3,90/90/90/90/90,5,,Fit,Undisputed No.1 CB; Bayern world-class,1,226.3
Kim Moon-hwan,DEF,RB,Daejeon Hana Citizen FC,South Korea,A,100,2,Regular Starter,60.0,94,56,22,Fit,Daejeon RB; regular right-back for South Korea; solid defensively; experienced international,55.5,55.5,168.8,90/90/90/sub/90,4,,Fit,Regular RB starter; K-League form,2,168.8
Seol Young-woo,DEF,CB,FK Crvena Zvezda,South Korea,A,100,2,Regular Starter,60.0,90,56,22,Fit,Red Star Belgrade CB; physical and powerful; Kim Min-jae partner; good distribution from the back,50.0,50.0,150.1,90/90/sub/90/DNP,3,,Fit,Regular CB partner to Kim Min-jae,2,150.1
Cho Yu-min,DEF,LB,Sharjah FC,South Korea,A,100,2,Regular Starter,58.0,88,56,22,Fit,Sharjah FC LB; first-choice Korea left-back; attack-minded; UAE Pro League experience,55.5,55.5,161.4,90/90/DNP/90/90,4,,Fit,Regular LB starter; intl form solid,2,161.4
Jens Castrop,DEF,CB,Borussia Mönchengladbach,South Korea,A,100,3,Impact Sub,38.0,42,56,22,Fit,Gladbach CB; first dual-heritage (German-Korean) player called up; strong Bundesliga experience; squad CB rotation,50.0,50.0,86.7,90/sub/90/DNP/sub,2,,Fit,CB rotation; Gladbach Bundesliga quality,3,86.7
Lee Han-beom,DEF,LB,Midtjylland,South Korea,A,100,3,Squad Player,36.0,38,56,22,Fit,Midtjylland LB; squad cover for Cho Yu-min,55.5,55.5,90.0,sub/90/DNP/sub/DNP,1,,Fit,Backup LB; Danish Superliga,3,90.0
Kim Tae-hyeon,DEF,CB,Kashima Antlers,South Korea,A,100,3,Squad Player,34.0,36,56,22,Fit,Kashima Antlers CB; squad depth; domestic-league selection,50.0,50.0,76.7,90/DNP/sub/DNP/sub,1,,Fit,Depth CB; J-League selection,3,76.7
Lee Gi-hyuk,DEF,RB,Gangwon FC,South Korea,A,100,4,Depth,16.0,10,56,22,Fit,Gangwon FC RB; fringe K-League selection; depth cover only,55.5,55.5,35.7,sub/DNP/DNP/90/DNP,1,,Fit,Fringe RB; K-League depth,4,35.7
Park Jin-seob,DEF,CB,Zhejiang FC,South Korea,A,100,4,Depth,14.0,8,56,22,Fit,Zhejiang FC (China) CB; squad depth; minimal mins expected,50.0,50.0,27.8,DNP/sub/DNP/sub/DNP,0,,Fit,Fringe CB; Chinese league,4,27.8
Lee Tae-seok,DEF,LB,Austria Wien,South Korea,A,100,4,Depth,14.0,8,56,22,Fit,Austria Wien LB; lower-tier European selection; depth cover,55.5,55.5,30.8,sub/DNP/sub/DNP/DNP,0,,Fit,Fringe LB; Austrian league depth,4,30.8
Lee Kang-in,MID,AM,Paris Saint-Germain,South Korea,A,100,1,Automatic Starter,78.0,140,56,22,Fit,PSG AM; South Korea's most creative player; elite dribbler and chance creator; key attacking hub; regular starter under Hong,74.5,74.5,309.4,90/90/90/90/sub,4,,Fit,Key creative starter; PSG quality,1,309.4
Hwang Hee-chan,MID,AM,Wolverhampton Wanderers,South Korea,A,100,2,Regular Starter,60.0,94,56,22,Fit,Wolves winger/forward; pace and direct; clinical goal scorer; key attacking rotation; plays wide or as second striker,64.9,64.9,197.7,90/90/90/sub/90,4,,Fit,Regular wide forward; Wolves PL form,2,197.7
Yang Hyun-jun,MID,AM,Celtic FC,South Korea,A,100,2,Regular Starter,60.0,92,56,22,Fit,Celtic winger; quick and direct; left-wing option; useful in wide positions for South Korea,64.9,64.9,196.3,90/sub/90/90/DNP,3,,Fit,Regular left wing rotation; Celtic form,2,196.3
Hwang In-beom,MID,CM,Feyenoord,South Korea,A,100,2,Regular Starter,58.0,88,56,22,Fit,Feyenoord CM; energetic box-to-box; Eredivisie quality; regular Korean midfield anchor alongside Lee/Bae,63.9,63.9,186.1,90/90/sub/90/DNP,3,,Fit,Regular CM; Feyenoord Eredivisie,2,186.1
Lee Jae-sung,MID,CM,Mainz 05,South Korea,A,100,2,Regular Starter,56.0,86,56,22,Fit,Mainz CM; experienced Korea international; technical and intelligent; key rotation in Korea's midfield,63.9,63.9,180.4,90/sub/90/90/sub,3,,Fit,Regular CM; Mainz Bundesliga form,2,180.4
Bae Jun-ho,MID,CM,Stoke City,South Korea,A,100,3,Impact Sub,38.0,42,56,22,Fit,Stoke City CM; energetic; Championship experience; squad depth,63.9,63.9,110.8,sub/90/DNP/sub/90,2,,Fit,CM rotation; Championship squad level,3,110.8
Paik Seung-ho,MID,DM,Birmingham City,South Korea,A,100,3,Squad Player,36.0,38,56,22,Fit,Birmingham City DM; defensive midfield cover; Championship,66.5,66.5,107.9,90/sub/DNP/sub/DNP,1,,Fit,DM cover; Championship level,3,107.9
Eom Ji-sung,MID,CM,Swansea City,South Korea,A,100,3,Squad Player,34.0,36,56,22,Fit,Swansea City CM; squad depth option; limited WC starts expected,63.9,63.9,98.0,sub/DNP/sub/90/DNP,1,,Fit,Depth CM; Championship,3,98.0
Lee Dong-gyeong,MID,CM,Ulsan HD FC,South Korea,A,100,3,Squad Player,32.0,34,56,22,Fit,Ulsan HD CM; K-League domestic selection; squad depth,63.9,63.9,92.3,sub/DNP/90/DNP/sub,1,,Fit,K-League rotation; domestic depth,3,92.3
Kim Jin-gyu,MID,CM,Jeonbuk Hyundai Motors,South Korea,A,100,4,Depth,14.0,8,56,22,Fit,Jeonbuk CM; K-League depth; minimal WC minutes expected,63.9,63.9,35.5,DNP/sub/DNP/sub/DNP,0,,Fit,K-League depth only,4,35.5
Son Heung-min,FWD,,LAFC,South Korea,A,100,1,Automatic Starter,78.0,140,56,22,Fit,LAFC (ex-Tottenham); South Korea captain; 4th World Cup; 54 international goals; talismanic winger/striker; left Spurs for MLS but still world-class pace and finishing,70.4,70.4,292.5,90/90/90/90/sub,4,,Fit,Undisputed captain and key attacker,1,292.5
Oh Hyeon-gyu,FWD,,Besiktas,South Korea,A,100,2,Regular Starter,60.0,92,56,22,Fit,Besiktas striker; 6 international goals; strong form in Turkish league; physical presence and clinical finisher; backup to Son,45.2,45.2,136.5,90/90/sub/90/90,4,,Fit,Regular striker rotation; Besiktas form strong,2,136.5
Cho Gue-sung,FWD,,Midtjylland,South Korea,A,100,2,Regular Starter,58.0,88,56,22,Fit,Midtjylland striker; 10 international goals; physical target man; WC 2022 brace scorer vs Ghana; aerial threat,45.2,45.2,131.5,90/sub/90/90/sub,3,,Fit,Regular striker rotation; aerial set-piece threat,2,131.5
Alexander Schlager,GK,,Red Bull Salzburg,Austria,J,100,GK1,Starting GK,90.0,158,62,22,Fit,Austria No.1; Salzburg; 25 caps; reliable shot-stopper; commanding in the air; first WC for Austria in 28 years,27.8,27.8,132.0,90/90/90/90/90,5,,Fit,Undisputed No.1; Salzburg regular,GK1,132.0
Florian Wiegele,GK,,Viktoria Plzen,Austria,J,100,GK2,Backup GK,5.0,8,62,22,Fit,Viktoria Plzen GK; Austria No.2; no WC starts expected,27.8,27.8,7.1,90/DNP/90/DNP/DNP,2,,Fit,Backup GK,GK2,7.1
Patrick Pentz,GK,,Brondby,Austria,J,100,GK3,Third GK,0.0,0,62,22,Fit,Brondby GK; Austria No.3; no WC minutes expected,0.0,0.0,0.0,DNP/90/DNP/DNP/DNP,1,,Fit,Third GK; Scandinavian league,GK3,0.0
David Alaba,DEF,CB,Real Madrid,Austria,J,100,2,Regular Starter,62.0,100,62,22,Managed,Real Madrid captain; 13-month ACL recovery (Dec 2023 injury); limited 2025-26 minutes; announced Real Madrid departure May 22; free agent after tournament; included on form/experience not fitness,55.5,55.5,176.5,sub/sub/90/DNP(inj)/sub,1,ACL Dec 2023,Managed: returning from ACL; Rangnick says he feels himself again,T2: elite when fit but ACL limits guarantee; managed load,2,176.5
Kevin Danso,DEF,CB,Tottenham Hotspur,Austria,J,100,1,Automatic Starter,80.0,158,62,22,Fit,Tottenham CB; Austria's most dominant CB; powerful in the air; excellent reading of the game; PL quality; key defensive anchor,50.0,50.0,221.2,90/90/90/90/90,5,,Fit,First-choice CB; Tottenham PL quality,1,221.2
Stefan Posch,DEF,RB,Mainz 05,Austria,J,100,1,Automatic Starter,80.0,158,62,22,Fit,Mainz RB; Austria first-choice right-back; solid and reliable; experienced Bundesliga presence; consistent performer,55.5,55.5,245.2,90/90/90/90/DNP,4,,Fit,First-choice RB; Mainz Bundesliga,1,245.2
Philipp Lienhart,DEF,CB,SC Freiburg,Austria,J,100,2,Regular Starter,62.0,100,62,22,Fit,Freiburg CB; regular Austria CB alongside Danso; composed on the ball; good recovery pace,50.0,50.0,159.0,90/90/90/sub/90,4,,Fit,Regular CB; Freiburg Bundesliga,2,159.0
Marco Friedl,DEF,LB,Werder Bremen,Austria,J,100,2,Regular Starter,62.0,100,62,22,Fit,Werder Bremen LB; Austria regular left-back; good in transition; overlapping and creative from deep,55.5,55.5,176.2,90/90/DNP/90/90,4,,Fit,Regular LB starter; Werder form solid,2,176.2
Alexander Prass,DEF,LB,TSG Hoffenheim,Austria,J,100,3,Impact Sub,40.0,44,62,22,Fit,Hoffenheim LB; Austria rotation; can play left-back and wide midfield; young and energetic,55.5,55.5,101.0,90/sub/DNP/sub/90,2,,Fit,Rotation LB; Hoffenheim Bundesliga,3,101.0
Philipp Mwene,DEF,RB,Mainz 05,Austria,J,100,3,Squad Player,36.0,38,62,22,Fit,Mainz RB; Austria squad cover; backup for Posch,55.5,55.5,90.0,sub/90/DNP/sub/DNP,1,,Fit,Backup RB; Mainz Bundesliga,3,90.0
Michael Svoboda,DEF,CB,Venezia,Austria,J,100,3,Squad Player,34.0,36,62,22,Fit,Venezia CB; Austria 4th/5th CB option; Serie A squad level,50.0,50.0,76.7,sub/DNP/90/DNP/sub,1,,Fit,Depth CB; Italian league,3,76.7
David Affengruber,DEF,CB,SK Rapid Wien,Austria,J,100,4,Depth,14.0,8,62,22,Fit,Rapid Wien CB; domestic selection; squad depth only,50.0,50.0,27.8,DNP/sub/DNP/sub/DNP,0,,Fit,Domestic depth CB; Austrian Bundesliga,4,27.8
Marcel Sabitzer,MID,CM,Borussia Dortmund,Austria,J,100,1,Automatic Starter,80.0,158,62,22,Fit,Dortmund CM; Austria's best midfielder; dynamic box-to-box; goals and assists from deep; key to Rangnick's pressing system,70.6,70.6,312.4,90/90/90/90/90,5,,Fit,Undisputed key CM; Dortmund CL quality,1,312.4
Christoph Baumgartner,MID,AM,RB Leipzig,Austria,J,100,1,Automatic Starter,78.0,152,62,22,Fit,Leipzig AM; Austria's creative hub; excellent chance creation; technical and intelligent; key attacking option in Rangnick system,69.3,69.3,297.3,90/90/90/90/sub,4,,Fit,Creative AM starter; Leipzig quality,1,297.3
Konrad Laimer,MID,CM,Bayern Munich,Austria,J,100,2,Regular Starter,64.0,104,62,22,Fit,Bayern Munich CM; versatile — plays CM and can cover full-back; Rangnick uses him as a high-intensity runner; tireless pressing,63.9,63.9,210.3,90/90/sub/90/90,4,,Fit,Regular starter; Bayern versatility,2,210.3
Xaver Schlager,MID,CM,RB Leipzig,Austria,J,100,2,Regular Starter,62.0,100,62,22,Fit,Leipzig CM; technical and progressive; excellent passer; key midfield engine alongside Sabitzer,63.9,63.9,203.2,90/90/90/sub/90,4,,Fit,Regular CM; Leipzig quality,2,203.2
Nicolas Seiwald,MID,DM,RB Leipzig,Austria,J,100,2,Regular Starter,60.0,96,62,22,Fit,Leipzig DM; Austria's defensive midfield anchor; shields defence and distributes cleanly; key Rangnick selection,66.5,66.5,204.0,90/90/90/90/sub,4,,Fit,Regular DM; Leipzig defensive anchor,2,204.0
Romano Schmid,MID,AM,Werder Bremen,Austria,J,100,3,Impact Sub,40.0,44,62,22,Fit,Werder Bremen AM; energetic and creative; rotation AM option,64.9,64.9,118.3,sub/90/DNP/sub/90,2,,Fit,Impact AM; Werder Bundesliga,3,118.3
Patrick Wimmer,MID,AM,VfL Wolfsburg,Austria,J,100,3,Squad Player,38.0,42,62,22,Fit,Wolfsburg AM/winger; Austrian international; squad rotation,64.9,64.9,112.6,90/sub/DNP/sub/90,2,,Fit,Rotation AM; Wolfsburg Bundesliga,3,112.6
Paul Wanner,MID,AM,PSV Eindhoven,Austria,J,100,3,Squad Player,36.0,38,62,22,Fit,PSV AM (20); German-born newly naturalised Austrian; creative and technically gifted; youth talent with potential,64.9,64.9,105.4,sub/90/DNP/sub/DNP,1,,Fit,Young squad AM; PSV quality,3,105.4
Carney Chukwuemeka,MID,CM,Borussia Dortmund,Austria,J,100,3,Squad Player,34.0,36,62,22,Fit,Dortmund CM (23); English-born Nigerian-heritage; newly naturalised Austrian; box-to-box energy; Dortmund squad rotation,63.9,63.9,98.0,sub/90/DNP/sub/DNP,1,,Fit,Naturalised rotation CM; Dortmund quality,3,98.0
Florian Grillitsch,MID,DM,SC Braga,Austria,J,100,4,Depth,16.0,10,62,22,Fit,Braga DM; veteran Austria international; squad depth; minimal WC minutes expected,66.5,66.5,42.9,sub/DNP/90/DNP/sub,1,,Fit,Veteran depth DM; Portuguese league,4,42.9
Alessandro Schopf,MID,CM,Wolfsberger AC,Austria,J,100,4,Depth,14.0,8,62,22,Fit,Wolfsberger AC CM; domestic Austrian league; squad depth only,63.9,63.9,35.5,DNP/sub/DNP/90/DNP,1,,Fit,Domestic depth CM; minimal mins,4,35.5
Marko Arnautovic,FWD,,FK Crvena Zvezda,Austria,J,100,1,Automatic Starter,75.0,148,62,22,Fit,"Red Star Belgrade striker; Austria record scorer (47 goals, 132 caps, age 37); physical CF; clinical and powerful; key aerial threat; iconic captain for Austria's historic return",41.6,41.6,172.6,90/90/sub/90/90,4,,Fit,Record scorer; key starter; managed due to age 37,1,172.6
Michael Gregoritsch,FWD,,FC Augsburg,Austria,J,100,2,Regular Starter,62.0,100,62,22,Fit,"Augsburg striker (6'4""); scored key qualifier equaliser vs Bosnia; aerial power and clinical finishing; important rotation behind Arnautovic",45.2,45.2,143.6,90/sub/90/90/sub,3,,Fit,Second striker; Augsburg form solid,2,143.6
Sasa Kalajdzic,FWD,,LASK,Austria,J,100,2,Regular Starter,60.0,96,62,22,Fit,Wolves loanee at LASK; 7 goals 9 assists on loan; helped LASK domestic double; powerful physical presence; key part of Austrian domestic success,45.2,45.2,138.5,90/90/sub/90/90,4,,Fit,Third striker option; LASK loan form excellent,2,138.5
Ørjan Nyland,GK,,Sevilla,Norway,I,100,GK1,Starting GK,90.0,78,58,10,Fit,Norway No.1; Sevilla; experienced shot-stopper; GK chaos in qualifying but undisputed No.1,27.8,49.0,189.4,90/90/90/90/90,5,,Fit,Undisputed GK1,GK1,189.4
Egil Selvik,GK,,Watford,Norway,I,100,GK2,Backup GK,5.0,8,58,10,Fit,Watford GK; Norway No.2; no WC starts expected,27.8,35.8,9.1,90/DNP/90/DNP/DNP,2,,Fit,Backup GK,GK2,9.1
Sander Tangvik,GK,,Hamburger SV,Norway,I,100,GK3,Third GK,0.0,0,58,10,Fit,Hamburg GK; Norway No.3; no WC minutes,0.0,0.0,0.0,DNP/DNP/90/DNP/DNP,1,,Fit,Third GK,GK3,0.0
Julian Ryerson,DEF,RB,Borussia Dortmund,Norway,I,100,1,Automatic Starter,87.1,73,58,10,Fit,Dortmund RB; Norway first-choice right-back; dynamic overlapper; solid defensively,55.5,75.7,281.3,90/90/90/90/90,5,,Fit,First-choice RB; Dortmund CL regular,1,281.3
Kristoffer Ajer,DEF,CB,Brentford,Norway,I,100,1,Automatic Starter,87.1,73,58,10,Fit,Brentford CB; Norway defensive rock; commanding aerially; experienced Premier League performer,50.0,70.3,261.1,90/90/90/90/90,5,,Fit,First-choice CB; Brentford PL quality,1,261.1
Leo Østigård,DEF,CB,Genoa,Norway,I,100,2,Regular Starter,74.0,65,58,10,Fit,Genoa CB; Norway regular CB partner; physical and aerially strong; Serie A experience,50.0,74.9,239.0,90/90/90/sub/90,4,,Fit,Regular CB; Genoa Serie A,2,239.0
Fredrik Bjørkan,DEF,LB,Bodø/Glimt,Norway,I,100,2,Regular Starter,74.0,65,58,10,Fit,Bodø/Glimt LB; Norway left-back; attack-minded; reliable domestic performer,55.5,80.4,256.3,90/90/90/DNP/90,4,,Fit,Regular LB; domestic league form,2,256.3
Torbjørn Heggem,DEF,RB,Bologna,Norway,I,100,2,Regular Starter,74.0,65,58,10,Fit,Bologna RB/wing; versatile; rotation option in Solbakken system,55.5,80.4,256.3,90/sub/90/90/DNP,3,,Fit,Rotation RB; Bologna Serie A,2,256.3
Marcus Holmgren Pedersen,DEF,RB,Torino,Norway,I,100,3,Squad Player,42.0,40,58,10,Fit,Torino RB; 3rd/4th defensive option; squad cover,55.5,74.1,136.7,sub/90/DNP/sub/90,2,,Fit,Rotation cover; Serie A,3,136.7
Sondre Langås,DEF,CB,Derby County,Norway,I,100,3,Squad Player,42.0,40,58,10,Fit,Derby County CB; 4th/5th CB option; Championship level,50.0,68.7,126.7,90/sub/DNP/sub/DNP,1,,Fit,Depth CB; Championship,3,126.7
Henrik Falchener,DEF,CB,Viking FK,Norway,I,100,3,Squad Player,42.0,40,58,10,Fit,Viking FK CB; domestic selection; depth option,50.0,68.7,126.7,sub/DNP/90/DNP/sub,1,,Fit,Domestic depth CB,3,126.7
David Møller Wolfe,DEF,LB,Wolverhampton Wanderers,Norway,I,100,4,Depth,16.0,10,58,10,Fit,Wolves LB; 4th LB option; squad depth only,55.5,99.3,64.0,DNP/sub/DNP/sub/DNP,0,,Fit,Fringe LB; PL squad depth,4,64.0
Fredrik Aursnes,MID,DM,Benfica,Norway,I,100,1,Automatic Starter,87.1,73,58,10,Fit,Benfica DM; key Norway midfield anchor; tenacious tackler; excellent pressing; partners Ødegaard in central midfield,69.6,89.4,332.2,90/90/90/90/90,5,,Fit,Key DM starter; Benfica Champions League,1,332.2
Sander Berge,MID,DM,Fulham,Norway,I,100,2,Regular Starter,74.0,65,58,10,Fit,Fulham DM; physical and athletic; good range of passing; regular Norway option,66.5,90.4,288.1,90/90/sub/90/90,4,,Fit,Regular DM; Fulham PL form,2,288.1
Oscar Bobb,MID,AM,Fulham,Norway,I,100,2,Regular Starter,74.0,65,58,10,Fit,Fulham AM/winger; creative and direct; key attacking rotation for Solbakken,60.3,86.7,276.4,90/90/90/sub/90,4,,Fit,Regular AM; Fulham PL form,2,276.4
Kristian Thorstvedt,MID,CM,Sassuolo,Norway,I,100,2,Regular Starter,74.0,65,58,10,Fit,Sassuolo CM; box-to-box; versatile; regular Norway rotation player,63.9,87.7,279.8,90/sub/90/90/DNP,3,,Fit,Regular CM rotation; Serie B,2,279.8
Antonio Nusa,MID,AM,RB Leipzig,Norway,I,100,3,Impact Sub,42.0,40,58,10,Fit,Leipzig winger/AM (21); explosive and direct; impact threat from wide; exciting young talent,63.7,90.0,166.0,sub/90/DNP/sub/90,2,,Fit,Impact winger; Leipzig Bundesliga,3,166.0
Andreas Schjelderup,MID,AM,Benfica,Norway,I,100,3,Squad Player,42.0,40,58,10,Fit,Benfica AM/winger; young talent; attacking rotation option,64.9,91.3,168.3,sub/DNP/90/sub/DNP,1,,Fit,Young AM; Benfica squad depth,3,168.3
Jens Petter Hauge,MID,AM,Bodø/Glimt,Norway,I,100,3,Squad Player,42.0,40,58,10,Fit,Bodø/Glimt winger; Norwegian domestic talent; squad rotation option,64.9,91.3,168.3,90/sub/DNP/sub/90,2,,Fit,Rotation winger; domestic league,3,168.3
Thelonious Aasgaard,MID,CM,Rangers,Norway,I,100,3,Squad Player,42.0,40,58,10,Fit,Rangers CM; young Norwegian international; creative and progressive,63.9,85.7,158.0,sub/90/DNP/DNP/sub,1,,Fit,Young CM; Scottish Prem,3,158.0
Patrick Berg,MID,DM,Bodø/Glimt,Norway,I,100,3,Squad Player,42.0,40,58,10,Fit,Bodø/Glimt DM; defensive cover in midfield; domestic base,66.5,88.3,162.8,sub/DNP/90/sub/DNP,1,,Fit,Rotation DM; Norwegian Eliteserien,3,162.8
Morten Thorsby,MID,CM,Cremonese,Norway,I,100,4,Depth,16.0,10,58,10,Fit,Cremonese CM; 5th/6th midfield option; minimal WC minutes expected,63.9,110.0,70.9,DNP/sub/DNP/sub/DNP,0,,Fit,Depth CM; Serie B,4,70.9
Alexander Sørloth,FWD,,Atlético Madrid,Norway,I,100,2,Regular Starter,74.0,65,58,10,Fit,Atlético Madrid striker; powerful CF; clinical and physical; key second striker option behind Haaland in Norway's system,44.1,70.4,224.5,90/90/sub/90/90,4,,Fit,Second choice striker; Atlético LaLiga,2,224.5
Jørgen Strand Larsen,FWD,,Crystal Palace,Norway,I,100,2,Regular Starter,74.0,65,58,10,Fit,Crystal Palace striker; direct and physical; prolific in qualifying; quality third-striker option; PL experience,42.4,68.8,219.3,90/90/90/sub/90,4,,Fit,Regular striker rotation; Palace PL,2,219.3
Craig Gordon,GK,,Hearts,Scotland,C,100,GK1,Starting GK,90.0,25,40,10,Fit,Hearts GK; Scotland undisputed No.1; vastly experienced; crucial in qualifying,27.8,51.5,168.7,90/90/90/90/90,5,,Fit,Undisputed GK1; Hearts Scottish Prem,GK1,168.7
Angus Gunn,GK,,Norwich City,Scotland,C,100,GK2,Backup GK,5.0,3,40,10,Fit,Norwich GK; Scotland No.2; Championship level; no WC starts expected,27.8,38.2,7.6,90/DNP/DNP/90/DNP,2,,Fit,Backup GK; Championship,GK2,7.6
Liam Kelly,GK,,Coventry City,Scotland,C,100,GK3,Third GK,0.0,0,40,10,Fit,Coventry GK; Scotland No.3; no WC minutes expected,0.0,0.0,0.0,DNP/DNP/90/DNP/DNP,1,,Fit,Third GK; Championship,GK3,0.0
Andrew Robertson,DEF,LB,Liverpool,Scotland,C,100,1,Automatic Starter,87.1,25,40,10,Fit,Liverpool LB; Scotland captain; elite delivery and pressing; world-class at position,47.5,70.3,223.7,90/90/90/90/90,5,,Fit,World-class LB; Liverpool PL,1,223.7
Nathan Patterson,DEF,RB,Everton,Scotland,C,100,1,Automatic Starter,87.1,25,40,10,Fit,Everton RB; first-choice right-back; strong attacking and defensive output,55.5,78.3,249.0,90/90/90/90/90,5,,Fit,First-choice RB; Everton PL,1,249.0
Scott McKenna,DEF,CB,Nottingham Forest,Scotland,C,100,1,Automatic Starter,87.1,25,40,10,Fit,Nottm Forest CB; first-choice Scotland centre-back; commanding and ball-playing,50.0,72.9,231.8,90/90/90/90/90,5,,Fit,First-choice CB; Nottm Forest PL,1,231.8
Jack Hendry,DEF,CB,Club Brugge,Scotland,C,100,2,Regular Starter,74.0,20,40,10,Fit,Club Brugge CB; regular Scotland partner; physical and experienced; UCL level,50.0,78.3,210.4,90/90/90/sub/90,4,,Fit,Regular CB; Brugge Champions League,2,210.4
Aaron Hickey,DEF,RB,Brentford,Scotland,C,100,2,Regular Starter,74.0,20,40,10,Fit,Brentford RB/LB; quality PL player; versatile and energetic; rotation option,55.5,83.7,225.0,90/sub/90/90/DNP,3,,Fit,Versatile PL full-back; Brentford,2,225.0
Kieran Tierney,DEF,LB,Real Sociedad,Scotland,C,100,2,Regular Starter,74.0,20,40,10,Fit,Real Sociedad LB; experienced Scotland international; injury history but quality player,55.5,83.7,225.0,90/sub/90/DNP/90,3,,Fit,Experienced LB; La Liga form,2,225.0
Grant Hanley,DEF,CB,Norwich City,Scotland,C,100,3,Squad Player,42.0,15,40,10,Fit,Norwich CB; veteran Scotland cap holder; depth option; past prime but reliable,50.0,69.5,108.9,90/sub/DNP/sub/90,2,,Fit,Veteran CB; Championship,3,108.9
John Souttar,DEF,CB,Rangers,Scotland,C,100,3,Squad Player,42.0,15,40,10,Fit,Rangers CB; Scotland depth option; solid domestically; injury-prone historically,50.0,69.5,108.9,sub/90/DNP/90/DNP,2,,Fit,Rotation CB; Rangers SPFL,3,108.9
Anthony Ralston,DEF,RB,Celtic,Scotland,C,100,3,Squad Player,42.0,15,40,10,Fit,Celtic RB; domestic depth option; reliable in SPFL; limited international ceiling,55.5,74.9,117.4,sub/DNP/90/sub/DNP,1,,Fit,Domestic depth RB; Celtic,3,117.4
Doug Hyam,DEF,CB,Coventry City,Scotland,C,100,4,Depth,16.0,5,40,10,Fit,Coventry CB; fringe selection; Championship level; unlikely to feature,50.0,94.4,55.6,DNP/sub/DNP/sub/DNP,0,,Fit,Fringe CB; Championship,4,55.6
John McGinn,MID,CM,Aston Villa,Scotland,C,100,1,Automatic Starter,87.1,25,40,10,Fit,Aston Villa CM; Scotland vice-captain; box-to-box dynamism; huge qualifying role,67.4,89.7,285.4,90/90/90/90/90,5,,Fit,Key CM; Villa PL; Scotland vice-captain,1,285.4
Billy Gilmour,MID,CM,Napoli,Scotland,C,100,2,Regular Starter,74.0,20,40,10,Fit,Napoli CM; technical and composed; excellent pressing; Scotland regular in midfield,63.9,91.0,244.7,90/90/90/sub/90,4,,Fit,Regular CM; Napoli Serie A quality,2,244.7
Ryan Christie,MID,AM,Bournemouth,Scotland,C,100,2,Regular Starter,74.0,20,40,10,Fit,Bournemouth AM/winger; creative and direct; solid WC qualifier contributor,55.6,85.3,229.2,90/sub/90/90/sub,3,,Fit,Regular AM; Bournemouth PL,2,229.2
Kenny McLean,MID,CM,Hearts,Scotland,C,100,3,Squad Player,42.0,15,40,10,Fit,Hearts CM; experienced Scotland international; domestic-level quality; depth option,63.9,86.5,135.6,sub/90/DNP/sub/90,2,,Fit,Experienced CM rotation; SPFL,3,135.6
Lewis Ferguson,MID,CM,Bologna,Scotland,C,100,3,Squad Player,42.0,15,40,10,Fit,Bologna CM; emerging Scotland international; good Serie A form; rotation option,63.9,86.5,135.6,90/sub/DNP/sub/90,2,,Fit,Emerging CM; Bologna Serie A,3,135.6
Stuart Curtis,MID,CM,Kilmarnock,Scotland,C,100,4,Depth,16.0,5,40,10,Fit,Kilmarnock CM; domestic selection; squad depth; unlikely WC minutes,63.9,110.5,65.1,sub/DNP/sub/DNP/sub,0,,Fit,Domestic fringe CM; SPFL,4,65.1
Ben Doak,MID,AM,Middlesbrough,Scotland,C,100,4,Depth,16.0,5,40,10,Fit,Middlesbrough AM (Liverpool loan); exciting young winger; future star; impact option only,64.9,114.8,67.6,sub/DNP/sub/90/DNP,1,,Fit,Young impact winger; Championship loan,4,67.6
Che Adams,FWD,,Celtic,Scotland,C,100,1,Automatic Starter,87.1,25,40,10,Fit,Celtic striker; Scotland first-choice forward; prolific in qualifying; clinical and mobile,46.3,71.5,227.5,90/90/90/90/90,5,,Fit,First-choice ST; Celtic SPFL quality,1,227.5
Lawrence Shankland,FWD,,Hearts,Scotland,C,100,2,Regular Starter,74.0,20,40,10,Fit,Hearts striker; prolific SPFL scorer; key backup striker; rotation starter option,45.2,74.8,201.2,90/90/sub/90/90,4,,Fit,Prolific SPFL striker; Hearts,2,201.2
Lyndon Dykes,FWD,,Millwall,Scotland,C,100,2,Regular Starter,74.0,20,40,10,Fit,Millwall striker; physical aerial target; Scotland qualifier contributor; rotation option,45.2,74.8,201.2,90/sub/90/90/sub,3,,Fit,Physical striker rotation; Championship,2,201.2
George Hirst,FWD,,Ipswich Town,Scotland,C,100,3,Squad Player,42.0,15,40,10,Fit,Ipswich Town striker; squad depth option; PL/Championship experience,45.2,72.5,113.6,sub/90/DNP/sub/DNP,1,,Fit,Depth striker; PL level,3,113.6
Ross Stewart,FWD,,Southampton,Scotland,C,100,3,Squad Player,42.0,15,40,10,Fit,Southampton striker; physical and direct; injury history limits ceiling; squad cover,45.2,72.5,113.6,sub/DNP/90/DNP/sub,1,,Fit,Depth physical striker; PL/Champ,3,113.6
Oscar Johansson,GK,,Djurgårdens IF,Sweden,F,100,GK1,Starting GK,90.0,12,28,10,Fit,Sweden GK1; reliable shot-stopper; domestic Allsvenskan quality,27.8,46.5,145.8,90/90/90/90/90,5,,Fit,Sweden starting GK; Allsvenskan form,GK1,145.8
Kristoffer Nordfeldt,GK,,IFK Göteborg,Sweden,F,100,GK2,Backup GK,5.0,2,28,10,Fit,IFK Göteborg GK; Sweden No.2; experienced international; no WC starts expected,27.8,37.0,7.0,90/DNP/DNP/90/DNP,2,,Fit,Backup GK; Swedish domestic,GK2,7.0
Pontus Zetterström,GK,,Anderlecht,Sweden,F,100,GK3,Third GK,0.0,0,28,10,Fit,Anderlecht GK; Sweden No.3; promising young keeper; no WC minutes expected,0.0,0.0,0.0,DNP/DNP/90/DNP/DNP,1,,Fit,Third GK; Belgian Pro League,GK3,0.0
Viktor Lindelöf,DEF,CB,Manchester United,Sweden,F,100,1,Automatic Starter,87.1,12,28,10,Fit,Man Utd CB; Sweden captain; elite ball-playing CB; organises defence; experienced PL performer,53.7,71.8,217.9,90/90/90/90/90,5,,Fit,Sweden captain; Man Utd PL first-choice,1,217.9
Isak Hien,DEF,CB,Atalanta,Sweden,F,100,2,Regular Starter,74.0,10,28,10,Fit,Atalanta CB; powerful and mobile; regular Sweden partner; UCL experience,53.8,76.6,197.4,90/90/90/sub/90,4,,Fit,Regular CB; Atalanta UCL quality,2,197.4
Emil Holm,DEF,RB,Juventus,Sweden,F,100,2,Regular Starter,74.0,10,28,10,Fit,Juventus RB; attack-minded; Juventus quality; Sweden regular right-back,55.5,78.2,201.6,90/90/sub/90/90,4,,Fit,Regular RB; Juventus Serie A,2,201.6
Emil Gudmundsson,DEF,RB,Lazio,Sweden,F,100,2,Regular Starter,74.0,10,28,10,Fit,Lazio RB/winger; versatile and attack-minded; Serie A quality; Sweden rotation option,55.5,78.2,201.6,90/sub/90/90/DNP,3,,Fit,Rotation full-back/winger; Lazio Serie A,2,201.6
Joel Lagerbielke,DEF,CB,Celtic,Sweden,F,100,2,Regular Starter,74.0,10,28,10,Fit,Celtic CB; athletic and dominant aerially; Swedish international regular; UCL experience,50.0,72.8,187.6,90/90/90/sub/DNP,3,,Fit,Regular CB; Celtic Champions League,2,187.6
Carl Starfelt,DEF,CB,Celta Vigo,Sweden,F,100,3,Squad Player,42.0,7,28,10,Fit,Celta Vigo CB; experienced Sweden international; depth option behind Hien/Lagerbielke,50.0,64.9,96.0,sub/90/DNP/sub/90,2,,Fit,Depth CB; La Liga,3,96.0
Albin Ekdal,DEF,CB,Malmö FF,Sweden,F,100,3,Squad Player,42.0,7,28,10,Fit,Malmö FF; experienced Sweden international; utility cover; domestic level,50.0,64.9,96.0,sub/DNP/90/sub/DNP,1,,Fit,Utility cover; domestic league,3,96.0
Jacob Smith,DEF,LB,Djurgårdens IF,Sweden,F,100,3,Squad Player,42.0,7,28,10,Fit,Djurgårdens IF LB; domestic squad cover; minimal WC minutes expected,55.5,70.4,104.0,DNP/sub/90/DNP/sub,1,,Fit,Domestic depth LB; Allsvenskan,3,104.0
Isak Stroud,DEF,RB,Malmö FF,Sweden,F,100,3,Squad Player,42.0,7,28,10,Fit,Malmö FF RB; young Swedish international; depth option in defence,55.5,70.4,104.0,sub/DNP/DNP/sub/90,1,,Fit,Young depth RB; Allsvenskan,3,104.0
Lucas Bergvall,MID,CM,Tottenham Hotspur,Sweden,F,100,2,Regular Starter,74.0,10,28,10,Fit,Tottenham CM (born 2006); Sweden's brightest young talent; exceptional technical quality; key creative force in Swedish midfield,66.0,88.5,228.1,90/90/90/sub/90,4,,Fit,Key creative CM; Tottenham PL quality,2,228.1
Mattias Svanberg,MID,CM,Wolfsburg,Sweden,F,100,2,Regular Starter,74.0,10,28,10,Fit,Wolfsburg CM; consistent Sweden international; solid work-rate and pressing; dependable starter,61.2,83.7,215.7,90/90/sub/90/90,4,,Fit,Regular CM; Wolfsburg Bundesliga,2,215.7
Ken Sema,MID,LW,Udinese,Sweden,F,100,2,Regular Starter,74.0,10,28,10,Fit,Udinese winger; powerful and direct; Sweden regular on the left; Serie A consistency,64.9,90.7,233.7,90/sub/90/90/DNP,3,,Fit,Regular winger; Udinese Serie A,2,233.7
Samuel Ayari,MID,CM,AIK,Sweden,F,100,3,Squad Player,42.0,7,28,10,Fit,AIK CM; young Swedish international; promising domestic performer; depth option,63.9,82.2,121.5,sub/90/DNP/sub/DNP,1,,Fit,Young CM; Allsvenskan,3,121.5
Patrik Karlström,MID,DM,AIK,Sweden,F,100,3,Squad Player,42.0,7,28,10,Fit,AIK DM; solid defensive midfielder; domestic squad depth; limited WC minutes,66.5,84.8,125.3,sub/DNP/sub/90/DNP,1,,Fit,Domestic DM depth; Allsvenskan,3,125.3
Ardian Zeneli,MID,AM,Stade de Reims,Sweden,F,100,3,Squad Player,42.0,7,28,10,Fit,Stade de Reims AM/winger; Sweden-qualifying contributor; Ligue 1 experience,64.9,88.2,130.4,sub/sub/DNP/90/DNP,1,,Fit,Rotation winger/AM; Ligue 1,3,130.4
Anthony Elanga,FWD,,Newcastle United,Sweden,F,100,2,Regular Starter,74.0,10,28,10,Fit,Newcastle winger; electric pace and direct running; Sweden's key attacking wide threat; PL quality; prolific in qualifying,55.3,81.0,208.7,90/90/90/90/sub,4,,Fit,Key winger; Newcastle PL quality,2,208.7
Viktor Bernhardsson,FWD,,IFK Göteborg,Sweden,F,100,3,Squad Player,42.0,7,28,10,Fit,IFK Göteborg forward; prolific domestically; squad option behind the main strikers,45.2,68.5,101.2,90/sub/DNP/sub/90,2,,Fit,Domestic striker rotation; Allsvenskan,3,101.2
Hamad Ali,FWD,,Malmö FF,Sweden,F,100,3,Squad Player,42.0,7,28,10,Fit,Malmö FF forward; Sweden domestic talent; depth option in attack,45.2,68.5,101.2,sub/DNP/90/sub/DNP,1,,Fit,Domestic depth striker; Allsvenskan,3,101.2
Casper Nygren,FWD,,Hammarby IF,Sweden,F,100,3,Squad Player,42.0,7,28,10,Fit,Hammarby IF forward; young Swedish talent; depth striker option; minimal WC minutes,45.2,68.5,101.2,sub/DNP/sub/DNP/90,1,,Fit,Young domestic forward; Allsvenskan,3,101.2
Johan Nilsson,FWD,,AIK,Sweden,F,100,3,Squad Player,42.0,7,28,10,Fit,AIK forward; Swedish domestic depth; squad option only,45.2,68.5,101.2,sub/DNP/sub/sub/DNP,0,,Fit,Domestic depth forward; Allsvenskan,3,101.2
Yahia Fofana,GK,,Leicester City,Ivory Coast,E,100,GK1,Starting GK,90.0,33,44,10,Fit,Leicester GK; Ivory Coast No.1; strong shot-stopper; PL experience; reliable between the posts,27.8,51.9,174.7,90/90/90/90/90,5,,Fit,Undisputed GK1; Leicester PL quality,GK1,174.7
Ibrahim Koné,GK,,ASEC Mimosas,Ivory Coast,E,100,GK2,Backup GK,5.0,3,44,10,Fit,ASEC Mimosas GK; Ivory Coast No.2; domestic keeper; no WC starts expected,27.8,38.4,7.7,90/DNP/DNP/90/DNP,2,,Fit,Backup GK; Ivorian domestic league,GK2,7.7
Alban Lafont,GK,,Nantes,Ivory Coast,E,100,GK3,Third GK,0.0,0,44,10,Fit,Nantes GK; Ligue 1 experience; third-choice keeper; no WC minutes expected,0.0,0.0,0.0,DNP/DNP/90/DNP/DNP,1,,Fit,Third GK; Nantes Ligue 1,GK3,0.0
Wilfried Singo,DEF,RB,Monaco,Ivory Coast,E,100,1,Automatic Starter,87.1,33,44,10,Fit,Monaco RB; powerful overlapping right-back; Ivory Coast first-choice; electric pace and crossing,50.2,73.5,240.2,90/90/90/90/90,5,,Fit,First-choice RB; Monaco Ligue 1 quality,1,240.2
Odilon Kossounou,DEF,CB,Bayer Leverkusen,Ivory Coast,E,100,1,Automatic Starter,87.1,33,44,10,Fit,Bayer Leverkusen CB; elite technical defender; Bundesliga champion; Ivory Coast's best CB,53.8,77.1,252.1,90/90/90/90/90,5,,Fit,Elite CB; Leverkusen Bundesliga/UCL,1,252.1
Evan Ndicka,DEF,CB,Roma,Ivory Coast,E,100,2,Regular Starter,74.0,27,44,10,Fit,Roma CB/LB; versatile and composed; Serie A quality; regular Ivory Coast partner,50.0,78.6,217.4,90/90/90/sub/90,4,,Fit,Regular CB/LB; Roma Serie A,2,217.4
Ghislain Konan,DEF,LB,Montpellier,Ivory Coast,E,100,2,Regular Starter,74.0,27,44,10,Fit,Montpellier LB; attack-minded and experienced; consistent Ivory Coast left-back option,55.5,84.0,232.4,90/sub/90/90/DNP,3,,Fit,Regular LB; Ligue 1,2,232.4
Emmanuel Agbadou,DEF,CB,Wolverhampton Wanderers,Ivory Coast,E,100,2,Regular Starter,74.0,27,44,10,Fit,Wolves CB; commanding in the air; solid PL experience; regular Ivory Coast defensive option,50.0,78.6,217.4,90/90/sub/90/DNP,3,,Fit,Regular CB; Wolves PL quality,2,217.4
Jean-Noël Akpa Akpro,DEF,RB,Lazio,Ivory Coast,E,100,3,Squad Player,42.0,20,44,10,Fit,Lazio utility player; versatile across wide roles; rotation cover; Serie A experience,55.5,75.9,123.0,sub/90/DNP/sub/90,2,,Fit,Utility rotation; Lazio Serie A,3,123.0
Désiré Doué,DEF,LB,Paris Saint-Germain,Ivory Coast,E,100,3,Squad Player,42.0,20,44,10,Fit,PSG winger/wing-back; highly talented; playing wide-back role for Ivory Coast; exciting prospect,55.5,75.9,123.0,sub/90/DNP/sub/DNP,1,,Fit,Young talent wing-back; PSG Ligue 1,3,123.0
Ibrahim Sangaré,MID,DM,Nottingham Forest,Ivory Coast,E,100,1,Automatic Starter,87.1,33,44,10,Fit,Nottm Forest DM; dominant holding midfielder; tenacious tackler; Ivory Coast midfield anchor,67.9,90.4,295.6,90/90/90/90/90,5,,Fit,Key DM; Nottm Forest PL anchor,1,295.6
Seko Fofana,MID,CM,Al-Qadsiah,Ivory Coast,E,100,2,Regular Starter,74.0,27,44,10,Fit,Al-Qadsiah CM; former Lens/Leicester; box-to-box quality; key Ivory Coast midfield creative,66.2,93.4,258.5,90/90/sub/90/90,4,,Fit,Key CM; former Ligue 1/PL quality,2,258.5
Franck Kessié,MID,CM,Atalanta,Ivory Coast,E,100,2,Regular Starter,74.0,27,44,10,Doubtful,Atalanta CM; formerly Barcelona/AC Milan; powerful midfield engine; hamstring concern May 2026,63.9,91.2,252.2,90/sub/DNP/90/sub,2,Hamstring concern May 2026,Hamstring concern; participation uncertain,Quality CM if fit; fitness TBC,2,252.2
Jean Michael Seri,MID,DM,Hull City,Ivory Coast,E,100,3,Squad Player,42.0,20,44,10,Fit,Hull City DM; experienced veteran; former Nice/Fulham; squad depth in midfield,66.5,89.9,145.8,sub/90/DNP/sub/90,2,,Fit,Veteran DM rotation; Championship,3,145.8
Oumar Oulai,MID,CM,Strasbourg,Ivory Coast,E,100,3,Squad Player,42.0,20,44,10,Fit,Strasbourg CM; young Ivorian international; Ligue 1 experience; rotation depth,63.9,87.2,141.5,sub/DNP/90/sub/DNP,1,,Fit,Young CM depth; Ligue 1,3,141.5
Flavien Guiagon,MID,CM,Lens,Ivory Coast,E,100,3,Squad Player,42.0,20,44,10,Fit,Lens CM; young Ivory Coast international; solid Ligue 1 form; squad rotation option,63.9,87.2,141.5,sub/sub/DNP/90/DNP,1,,Fit,Rotation CM; Ligue 1,3,141.5
Simon Adingra,FWD,,Brighton,Ivory Coast,E,100,1,Automatic Starter,87.1,33,44,10,Fit,Brighton winger; electric pace and direct running; Ivory Coast key wide threat; excellent dribbler and finisher; PL quality,58.6,83.7,273.6,90/90/90/90/90,5,,Fit,Key winger; Brighton PL quality,1,273.6
Nicolas Pépé,FWD,,Angers,Ivory Coast,E,100,2,Regular Starter,74.0,27,44,10,Fit,Angers winger; former Arsenal/Lille; experienced at highest level; Ivory Coast wide option,65.7,95.2,263.5,90/sub/90/90/sub,3,,Fit,Experienced winger; Ligue 1,2,263.5
Oumar Diomandé,FWD,,Sporting CP,Ivory Coast,E,100,2,Regular Starter,74.0,27,44,10,Fit,Sporting CP striker; powerful and direct; prolific in Portugal; Ivory Coast key striker option,45.2,74.7,206.6,90/90/sub/90/90,4,,Fit,Key striker; Sporting CP Primeira Liga,2,206.6
Evann Guessand,FWD,,Nice,Ivory Coast,E,100,2,Regular Starter,74.0,27,44,10,Doubtful,Nice striker; powerful and mobile; knee injury concern May 2026; Ivory Coast striker if fit,40.2,69.7,192.8,90/sub/DNP/90/sub,2,Knee concern May 2026,Knee concern; availability uncertain,Key striker if fit; Nice Ligue 1,2,192.8
Amine Gouiri,FWD,,Rennes,Ivory Coast,E,100,3,Squad Player,42.0,20,44,10,Fit,Rennes forward/winger; technically gifted; Ligue 1 quality; rotation cover in attack,45.2,72.9,118.2,sub/90/DNP/sub/90,2,,Fit,Attack rotation; Rennes Ligue 1,3,118.2
Jean-Philippe Diakite,FWD,,Toulouse,Ivory Coast,E,100,3,Squad Player,42.0,20,44,10,Fit,Toulouse forward; young Ivory Coast attacker; Ligue 1 depth option,45.2,72.9,118.2,sub/DNP/90/sub/DNP,1,,Fit,Young squad forward; Ligue 1,3,118.2
Elye Wahi,FWD,,Marseille,Ivory Coast,E,100,3,Squad Player,42.0,20,44,10,Fit,Marseille striker; young Ivory Coast forward; Ligue 1 quality; squad option,45.2,72.9,118.2,sub/90/DNP/DNP/sub,1,,Fit,Young striker; Marseille Ligue 1,3,118.2
Kévin Bonny,FWD,,Parma,Ivory Coast,E,100,3,Squad Player,42.0,20,44,10,Fit,Parma forward; young Ivory Coast talent; Serie A experience; depth option in attack,45.2,72.9,118.2,sub/DNP/sub/90/DNP,1,,Fit,Young depth forward; Serie A,3,118.2
Dango Ouattara,FWD,,Bournemouth,Ivory Coast,E,100,4,Depth,16.0,6,44,10,Fit,Bournemouth winger; 26th-man cover; fringe selection; depth only,65.7,116.6,70.0,DNP/sub/DNP/sub/DNP,0,,Fit,Fringe winger; PL depth,4,70.0
Joël Epolo,GK,,Royal Antwerp,DR Congo,K,100,GK1,Starting GK,90.0,6,22,15,Fit,Royal Antwerp GK; DR Congo No.1; young talented keeper; Belgian Pro League quality,27.8,27.8,85.1,90/90/90/90/90,5,,Fit,Starting GK; Antwerp Belgian Pro League,GK1,85.1
Parfait Fayulu,GK,,Beerschot,DR Congo,K,100,GK2,Backup GK,5.0,2,22,15,Fit,Beerschot GK; DR Congo No.2; experienced veteran keeper; no WC starts expected,27.8,27.8,5.2,90/DNP/DNP/90/DNP,2,,Fit,Backup GK; Belgian Pro League,GK2,5.2
Lionel Mpasi,GK,,Anderlecht,DR Congo,K,100,GK3,Third GK,0.0,0,22,15,Fit,Anderlecht GK; DR Congo No.3; domestic/Belgian-based; no WC minutes expected,0.0,0.0,0.0,DNP/DNP/90/DNP/DNP,1,,Fit,Third GK; Belgian Pro League,GK3,0.0
Chancel Mbemba,DEF,CB,Marseille,DR Congo,K,100,1,Automatic Starter,87.1,6,22,15,Fit,Marseille CB; DR Congo captain; experienced defender; commanding presence; former Porto,50.0,50.0,148.6,90/90/90/90/90,5,,Fit,Captain CB; Marseille Ligue 1,1,148.6
Aaron Wan-Bissaka,DEF,RB,West Ham United,DR Congo,K,100,1,Automatic Starter,87.1,6,22,15,Fit,West Ham RB; elite one-on-one defender; DR Congo key player; PL quality; excellent tackling,44.7,44.7,132.8,90/90/90/90/90,5,,Fit,Key RB; West Ham PL quality; elite 1v1 defender,1,132.8
Axel Tuanzebe,DEF,CB,Stade de Reims,DR Congo,K,100,2,Regular Starter,74.0,5,22,15,Fit,Stade de Reims CB; former Man Utd; composure on the ball; DR Congo CB partner,50.0,50.0,126.2,90/90/sub/90/90,4,,Fit,Regular CB; Ligue 1,2,126.2
Jordan Bushiri,DEF,CB,Nice,DR Congo,K,100,2,Regular Starter,74.0,5,22,15,Fit,Nice CB; aerial dominance and physicality; regular DR Congo defensive option; Ligue 1 quality,50.0,50.0,126.2,90/sub/90/90/DNP,3,,Fit,Regular CB; Nice Ligue 1,2,126.2
Arthur Masuaku,DEF,LB,Besiktas,DR Congo,K,100,2,Regular Starter,74.0,5,22,15,Fit,Besiktas LB; former West Ham; attack-minded; DR Congo first-choice left-back,55.5,55.5,139.9,90/90/90/sub/DNP,3,,Fit,Regular LB; Super Lig,2,139.9
Jonas Kayembe,DEF,RB,Anderlecht,DR Congo,K,100,3,Squad Player,42.0,3,22,15,Fit,Anderlecht RB; DR Congo depth option; domestic Belgian quality; rotation cover,55.5,55.5,79.5,sub/90/DNP/sub/90,2,,Fit,Rotation RB; Belgian Pro League,3,79.5
Joël Kapuadi,DEF,CB,RC Lens,DR Congo,K,100,3,Squad Player,42.0,3,22,15,Fit,Lens CB; solid Ligue 1 performer; DR Congo depth at centre-back,50.0,50.0,71.7,sub/DNP/90/sub/DNP,1,,Fit,Depth CB; Ligue 1,3,71.7
Harold Batubinsika,DEF,CB,Strasbourg,DR Congo,K,100,3,Squad Player,42.0,3,22,15,Fit,Strasbourg CB; young DR Congo international; Ligue 1 experience; depth option,50.0,50.0,71.7,sub/DNP/sub/90/DNP,1,,Fit,Young depth CB; Ligue 1,3,71.7
Guillaume Kalulu,DEF,CB,Marseille,DR Congo,K,100,3,Squad Player,42.0,3,22,15,Fit,Marseille CB; DR Congo-eligible defender; Ligue 1 quality; squad depth,50.0,50.0,71.7,DNP/sub/90/DNP/sub,1,,Fit,Depth CB; Ligue 1,3,71.7
Yvan Moutoussamy,MID,CM,Nottingham Forest,DR Congo,K,100,2,Regular Starter,74.0,5,22,15,Fit,Nottm Forest CM; energetic and combative; DR Congo midfield regular; PL quality,63.9,63.9,161.2,90/90/90/sub/90,4,,Fit,Regular CM; Nottm Forest PL,2,161.2
Gaël Kakuta,MID,AM,RC Lens,DR Congo,K,100,2,Regular Starter,74.0,5,22,15,Fit,Lens AM; DR Congo creative hub; dribbling and vision; former Chelsea; Ligue 1 consistency,62.0,62.0,156.3,90/90/sub/90/90,4,,Fit,Creative AM; Lens Ligue 1 quality,2,156.3
Loïs Sadiki,MID,DM,Anderlecht,DR Congo,K,100,3,Squad Player,42.0,3,22,15,Fit,Anderlecht DM; defensive midfield anchor; DR Congo rotation option; Belgian Pro League quality,66.5,66.5,95.4,90/sub/DNP/sub/90,2,,Fit,Rotation DM; Belgian Pro League,3,95.4
Ange-Yoan Mukau,MID,CM,FC Metz,DR Congo,K,100,3,Squad Player,42.0,3,22,15,Fit,FC Metz CM; young DR Congo international; Ligue 2 experience; squad depth,63.9,63.9,91.6,sub/90/DNP/sub/DNP,1,,Fit,Young CM; French second tier,3,91.6
Eddy Kayembe,MID,CM,Watford,DR Congo,K,100,3,Squad Player,42.0,3,22,15,Fit,Watford CM; Championship experience; DR Congo squad depth in midfield,63.9,63.9,91.6,sub/DNP/sub/90/DNP,1,,Fit,Depth CM; Championship,3,91.6
Nathanaël Mbuku,MID,LW,RC Lens,DR Congo,K,100,3,Squad Player,42.0,3,22,15,Fit,Lens winger; DR Congo-eligible wide player; direct and pacy; Ligue 1 experience,64.9,64.9,93.1,sub/90/DNP/DNP/sub,1,,Fit,Rotation winger; Lens Ligue 1,3,93.1
Théo Bongonda,MID,LW,Girona,DR Congo,K,100,4,Depth,16.0,1,22,15,Fit,Girona winger; DR Congo wide option; La Liga experience; fringe selection,64.9,64.9,35.4,sub/DNP/sub/DNP/sub,0,,Fit,Fringe winger; La Liga,4,35.4
Théo Cipenga,MID,CM,Anderlecht,DR Congo,K,100,4,Depth,16.0,1,22,15,Fit,Anderlecht CM; young DR Congo international; squad depth; minimal WC minutes,63.9,63.9,34.8,DNP/sub/DNP/sub/DNP,0,,Fit,Fringe young CM; Belgian Pro League,4,34.8
Florent Pickel,MID,DM,Strasbourg,DR Congo,K,100,4,Depth,16.0,1,22,15,Fit,Strasbourg DM; Ligue 1 experience; DR Congo fringe selection; depth cover,66.5,66.5,36.2,DNP/sub/sub/DNP/DNP,0,,Fit,Fringe DM; Ligue 1,4,36.2
Yoane Wissa,FWD,,Brentford,DR Congo,K,100,1,Automatic Starter,87.1,6,22,15,Fit,Brentford winger/striker; DR Congo standout player; clinical and pacy; PL quality; key threat,64.6,64.6,191.9,90/90/90/90/90,5,,Fit,DR Congo best player; Brentford PL,1,191.9
Cédric Bakambu,FWD,,Panathinaikos,DR Congo,K,100,2,Regular Starter,74.0,5,22,15,Fit,Panathinaikos striker; experienced DR Congo forward; former Villarreal/Beijing; key striker option,39.5,39.5,99.5,90/sub/90/90/sub,3,,Fit,Experienced striker; Greek Super League,2,99.5
Simon Banza,FWD,,SC Braga,DR Congo,K,100,2,Regular Starter,74.0,5,22,15,Fit,Braga striker; clinical and powerful; Primeira Liga goals record; DR Congo key forward,43.9,43.9,110.8,90/90/90/sub/90,4,,Fit,Clinical striker; Braga Primeira Liga,2,110.8
Alfred Elia,FWD,,Standard Liège,DR Congo,K,100,4,Depth,16.0,1,22,15,Fit,Standard Liège forward; DR Congo domestic/Belgian depth option; fringe selection,45.2,45.2,24.6,sub/DNP/sub/DNP/sub,0,,Fit,Fringe forward; Belgian Pro League,4,24.6
Fiston Mayele,FWD,,Panathinaikos,DR Congo,K,100,4,Depth,16.0,1,22,15,Fit,Panathinaikos striker; DR Congo forward depth; Greek Super League; fringe selection,45.2,45.2,24.6,sub/DNP/DNP/sub/DNP,0,,Fit,Fringe striker; Greek Super League,4,24.6
Uğurcan Çakır,GK,,Galatasaray,Turkey,D,100,GK1,Starting GK,90.0,101,65,10,Fit,Galatasaray GK; Turkey undisputed No.1 under Montella; commanding presence,27.8,52.9,218.0,90/90/90/90/90,5,,Fit,Undisputed GK1; Galatasaray Turkish Super Lig,GK1,218.0
Altay Bayındır,GK,,Manchester United,Turkey,D,100,GK2,Backup GK,5.0,5,65,10,Fit,Man Utd GK; Turkey No.2; experienced international; no WC starts expected,27.8,37.8,8.4,90/DNP/DNP/90/DNP,2,,Fit,Backup GK; Man Utd PL squad,GK2,8.4
Ersin Destanoğlu,GK,,Beşiktaş,Turkey,D,100,GK3,Third GK,0.0,0,65,10,Fit,Beşiktaş GK; Turkey No.3; promising young keeper; no WC minutes expected,0.0,0.0,0.0,DNP/DNP/90/DNP/DNP,1,,Fit,Third GK; Turkish Super Lig,GK3,0.0
Zeki Çelik,DEF,RB,AS Roma,Turkey,D,100,1,Automatic Starter,87.1,101,65,10,Fit,Roma RB; Turkey first-choice right-back; energetic and reliable; Serie A quality,39.7,63.5,255.8,90/90/90/90/90,5,,Fit,First-choice RB; Roma Serie A,1,255.8
Ferdi Kadıoğlu,DEF,LB,Fulham,Turkey,D,100,1,Automatic Starter,87.1,101,65,10,Fit,Fulham LB; Turkey first-choice left-back; technical and attack-minded; PL quality,46.4,70.2,282.7,90/90/90/90/90,5,,Fit,First-choice LB; PL quality,1,282.7
Merih Demiral,DEF,CB,Al-Ahli,Turkey,D,100,1,Automatic Starter,87.1,101,65,10,Fit,Al-Ahli CB; Turkey starting centre-back; commanding and physical; experienced international,50.4,74.2,298.9,90/90/90/90/90,5,,Fit,Starting CB; Saudi Pro League,1,298.9
Abdülkerim Bardakcı,DEF,CB,Galatasaray,Turkey,D,100,2,Regular Starter,74.0,83,65,10,Fit,Galatasaray CB; Turkey defensive partner; strong and consistent; Turkish champion experience,50.0,78.9,267.5,90/90/90/sub/90,4,,Fit,Regular CB; Galatasaray Super Lig,2,267.5
Ozan Kabak,DEF,CB,Hoffenheim,Turkey,D,100,2,Regular Starter,74.0,83,65,10,Fit,Hoffenheim CB; Turkey depth CB; experienced European performer; squad cover,50.0,78.9,267.5,90/sub/90/90/DNP,3,,Fit,Rotation CB; Bundesliga,2,267.5
Mert Müldür,DEF,RB,Fenerbahçe,Turkey,D,100,3,Squad Player,42.0,47,65,10,Fit,Fenerbahçe RB; Turkey rotation right-back; squad cover for Çelik,55.5,78.0,149.9,sub/90/DNP/sub/90,2,,Fit,Rotation RB; Turkish Super Lig,3,149.9
Çağlar Söyüncü,DEF,CB,Fenerbahçe,Turkey,D,100,3,Squad Player,42.0,47,65,10,Fit,Fenerbahçe CB; veteran Turkey international; experienced squad depth; former Leicester,50.0,72.5,139.4,sub/90/DNP/sub/90,2,,Fit,Veteran CB depth; Super Lig,3,139.4
Ahmetcan Kaplan,DEF,CB,Ajax,Turkey,D,100,3,Squad Player,42.0,47,65,10,Fit,Ajax CB (on loan NEC); young Turkey CB; depth option; promising Eredivisie performer,50.0,72.5,139.4,90/sub/DNP/sub/DNP,1,,Fit,Young depth CB; Eredivisie,3,139.4
Hakan Çalhanoğlu,MID,DM,Inter Milan,Turkey,D,100,1,Automatic Starter,87.1,101,65,10,Doubtful,Inter Milan DM; Turkey captain; world-class regista; soleus strain April 27; tailored recovery; expected fit but needs sharpness; key player if available,90.6,112.8,454.1,90/DNP/sub/90/90,3,Soleus strain April 27,Soleus strain; expected fit for tournament; monitoring closely,,1,454.1
Arda Güler,MID,AM,Real Madrid,Turkey,D,100,1,Automatic Starter,87.1,101,65,10,Fit,Real Madrid AM; Turkey creative genius (21); biceps femoris injury April 21; confirmed fit by Fabrizio Romano; arrives rested; expected to start,68.3,92.3,371.4,90/90/DNP/sub/90,3,Biceps femoris April 21; now recovered,Fit; fully recovered; arriving rested from Real Madrid,,1,371.4
Orkun Kökçü,MID,CM,Beşiktaş,Turkey,D,100,2,Regular Starter,74.0,83,65,10,Fit,Beşiktaş CM; creative Turkey midfielder; excellent technical quality; squad regular,63.9,90.6,306.9,90/90/90/sub/90,4,,Fit,Regular CM; Turkish Super Lig,2,306.9
İsmail Yüksek,MID,DM,Fenerbahçe,Turkey,D,100,2,Regular Starter,74.0,83,65,10,Fit,Fenerbahçe DM; combative defensive midfield partner; reliable starter in Montella system,66.5,93.2,315.7,90/90/sub/90/90,4,,Fit,Regular DM; Super Lig quality,2,315.7
Salih Özcan,MID,CM,Borussia Dortmund,Turkey,D,100,3,Squad Player,42.0,47,65,10,Fit,Dortmund CM; box-to-box; Bundesliga experience; Turkey rotation option,63.9,89.0,171.1,sub/90/DNP/sub/90,2,,Fit,Rotation CM; Dortmund Bundesliga,3,171.1
Atakan Karazor,MID,DM,VfB Stuttgart,Turkey,D,100,3,Squad Player,42.0,47,65,10,Fit,Stuttgart DM; defensive anchor; Bundesliga quality; depth option behind Çalhanoğlu,66.5,91.6,176.1,sub/DNP/90/sub/DNP,1,,Fit,Rotation DM; Stuttgart Bundesliga,3,176.1
Kaan Ayhan,MID,CM,Galatasaray,Turkey,D,100,3,Squad Player,42.0,47,65,10,Fit,Galatasaray CM; versatile midfield depth; squad rotation option,63.9,89.0,171.1,sub/90/DNP/DNP/sub,1,,Fit,Rotation CM; Turkish Super Lig,3,171.1
Demir Ege Tıknaz,MID,CM,SC Braga,Turkey,D,100,4,Depth,16.0,12,65,10,Fit,Braga CM; young Turkey talent; next generation; limited WC minutes expected,63.9,115.9,77.3,sub/DNP/sub/DNP/sub,0,,Fit,Young depth CM; Braga Primeira Liga,4,77.3
Kenan Yıldız,FWD,,Juventus,Turkey,D,100,1,Automatic Starter,87.1,101,65,10,Doubtful,Juventus LW (21); Turkey's most dangerous wide threat; calf strain in training; ~3-week layoff; doubtful for June 13 opener vs Australia; key player when fit,67.6,91.6,368.9,90/90/90/DNP/sub,3,Calf strain in training May 2026,Calf strain; doubt for opener; targeting return Game 2,,1,368.9
Kerem Aktürkoğlu,FWD,,Fenerbahçe,Turkey,D,100,2,Regular Starter,74.0,83,65,10,Fit,Fenerbahçe winger; pacey and direct; Turkey key wide threat; under individual fitness program,65.5,93.5,316.8,90/90/sub/90/90,4,,Fit; individual fitness supervision,Regular winger; Super Lig quality,2,316.8
Barış Alper Yılmaz,FWD,,Galatasaray,Turkey,D,100,2,Regular Starter,74.0,83,65,10,Fit,Galatasaray wide attacker; key squad member; versatile across front line; Montella regular,55.4,83.4,282.7,90/90/90/sub/90,4,,Fit,Regular wide attacker; Galatasaray Super Lig,2,282.7
Can Uzun,FWD,,Eintracht Frankfurt,Turkey,D,100,2,Regular Starter,74.0,83,65,10,Fit,Frankfurt AM/forward (20); young goal threat; direct and technically gifted; Bundesliga quality,33.8,61.8,209.4,90/sub/90/90/sub,3,,Fit,Goal threat; Eintracht Frankfurt Bundesliga,2,209.4
Deniz Gül,FWD,,FC Porto,Turkey,D,100,3,Squad Player,42.0,47,65,10,Fit,Porto forward (21); young striker; confirmed in final 26; squad rotation option,45.2,74.1,142.3,sub/90/DNP/sub/DNP,1,,Fit,Young striker; Porto Primeira Liga,3,142.3
Yunus Akgün,FWD,,Galatasaray,Turkey,D,100,4,Depth,16.0,12,65,10,Fit,Galatasaray wide forward; Turkey depth option; limited WC minutes expected,65.7,120.5,80.3,sub/DNP/sub/DNP/sub,0,,Fit,Fringe wide forward; Super Lig,4,80.3
İrfan Can Kahveci,FWD,,Kasımpaşa,Turkey,D,100,4,Depth,16.0,12,65,10,Fit,Kasımpaşa winger; experienced Turkey option; squad cover; limited WC minutes expected,65.7,120.5,80.3,sub/DNP/DNP/sub/sub,0,,Fit,Fringe winger; Super Lig,4,80.3
Hernán Galíndez,GK,,CA Huracán,Ecuador,E,100,GK1,Starting GK,90.0,54,52,10,Fit,CA Huracán GK; Ecuador undisputed No.1; most-capped Ecuador GK; 39 yrs; commanding and experienced,27.8,57.1,205.6,90/90/90/90/90,5,,Fit,Undisputed GK1; long-serving Ecuador No.1,GK1,205.6
Gonzalo Valle,GK,,LDU Quito,Ecuador,E,100,GK2,Backup GK,5.0,5,52,10,Fit,LDU Quito GK; Ecuador No.2; domestic experience; no WC starts expected,27.8,39.2,8.7,90/DNP/DNP/90/DNP,2,,Fit,Backup GK; Ecuadorian LigaPro,GK2,8.7
Moisés Ramírez,GK,,Independiente del Valle,Ecuador,E,100,GK3,Third GK,0.0,0,52,10,Fit,IDV GK; Ecuador No.3; young promising keeper; no WC minutes expected,0.0,0.0,0.0,DNP/DNP/90/DNP/DNP,1,,Fit,Third GK; IDV LigaPro,GK3,0.0
Willian Pacho,DEF,CB,Paris Saint-Germain,Ecuador,E,100,1,Automatic Starter,85.0,54,52,10,Fit,PSG CB; elite centre-back; UCL finalist (May 30); joined squad late with compressed recovery; expected to start,56.6,85.4,293.2,90/90/90/90/90,5,,Fit; joined squad late after UCL final May 30,First-choice CB; PSG Ligue 1 / UCL,1,293.2
Piero Hincapié,DEF,CB,Arsenal,Ecuador,E,100,1,Automatic Starter,85.0,54,52,10,Fit,Arsenal CB/LB; UCL finalist (May 30); joined squad late; deployed as CB for Ecuador; world-class defender,56.3,85.1,292.1,90/90/90/90/90,5,,Fit; joined squad late after UCL final May 30,First-choice CB; Arsenal PL,1,292.1
Pervis Estupiñán,DEF,LB,AC Milan,Ecuador,E,100,1,Automatic Starter,85.0,54,52,10,Doubtful,AC Milan LB; Ecuador first-choice left-back; pacey and attack-minded; persistent muscle injury history; closely monitored,55.5,84.3,289.4,90/DNP/90/90/sub,3,Persistent muscle injury history; monitoring,Monitoring; muscle injury history; expected to feature but fitness uncertain,,1,289.4
Joel Ordóñez,DEF,RB,Club Brugge,Ecuador,E,100,2,Regular Starter,72.0,44,52,10,Fit,Club Brugge RB; excellent young right-back pushing for starting spot; Belgian Pro League quality,55.5,90.4,261.1,90/90/sub/90/90,4,,Fit,Regular RB; Club Brugge Belgian Pro League,2,261.1
Ángelo Preciado,DEF,RB,Atlético Mineiro,Ecuador,E,100,2,Regular Starter,72.0,44,52,10,Fit,Atlético Mineiro RB; competes with Ordóñez for RB slot; experienced international; Brazilian Série A,55.5,90.4,261.1,90/90/sub/90/sub,3,,Fit,Rotation RB; Atlético Mineiro Série A Brazil,2,261.1
Félix Torres,DEF,CB,SC Internacional,Ecuador,E,100,3,Squad Player,40.0,31,52,10,Fit,SC Internacional CB; depth centre-back; Brazilian Série A experience; squad cover,50.0,76.6,128.5,sub/90/DNP/sub/90,2,,Fit,Depth CB; SC Internacional Série A Brazil,3,128.5
Jackson Porozo,DEF,CB,Club Tijuana,Ecuador,E,100,3,Squad Player,40.0,31,52,10,Fit,Club Tijuana CB; versatile squad centre-back; Liga MX experience; rotation cover,50.0,76.6,128.5,sub/DNP/90/sub/90,2,,Fit,Rotation CB; Liga MX,3,128.5
José Andrés Hurtado,DEF,RB,Red Bull Bragantino,Ecuador,E,100,4,Depth,14.0,9,52,10,Fit,Red Bull Bragantino RB/CB; depth cover; limited WC minutes expected,55.5,116.6,66.1,sub/DNP/sub/DNP/sub,0,,Fit,Fringe defender; Bragantino Série A Brazil,4,66.1
Moisés Caicedo,MID,DM,Chelsea,Ecuador,E,100,1,Automatic Starter,85.0,54,52,10,Fit,Chelsea DM; Ecuador heartbeat; world-class; 4th most expensive PL signing ever; key to everything Ecuador do,70.3,97.1,333.3,90/90/90/90/90,5,,Fit,Undisputed starter; Chelsea PL,1,333.3
Alan Franco,MID,CM,Atlético Mineiro,Ecuador,E,100,1,Automatic Starter,85.0,54,52,10,Fit,Atlético Mineiro CM; regular midfield partner for Caicedo in qualifying; reliable and experienced,63.9,90.6,311.2,90/90/90/sub/90,4,,Fit,Regular CM; Atlético Mineiro Série A Brazil,1,311.2
Kendry Páez,MID,AM,River Plate,Ecuador,E,100,1,Automatic Starter,85.0,54,52,10,Fit,River Plate AM (loan from Chelsea); 19 yrs; creative no.10 and future of Ecuador; exceptional talent,71.2,99.2,340.7,90/90/sub/90/90,4,,Fit,Key creative starter; Chelsea-owned / River Plate loan,1,340.7
Pedro Vite,MID,CM,UNAM Pumas,Ecuador,E,100,2,Regular Starter,72.0,44,52,10,Fit,UNAM Pumas CM/LW; featured regularly under Beccacece; versatile midfield option; Liga MX,63.9,96.0,277.3,90/sub/90/90/sub,3,,Fit,Regular midfield option; UNAM Pumas Liga MX,2,277.3
Jeremy Sarmiento,MID,AM,Burnley,Ecuador,E,100,2,Regular Starter,72.0,44,52,10,Fit,Burnley AM/LW (Brighton-to-Burnley loan); left-channel creative option; Ecuador regular; Championship form,64.9,97.9,282.9,90/sub/90/90/sub,3,,Fit,Regular AM/LW; Burnley Championship,2,282.9
Denil Castillo,MID,CM,FC Midtjylland,Ecuador,E,100,3,Squad Player,40.0,31,52,10,Fit,FC Midtjylland CM; energetic box-to-box depth option; Danish Superliga; squad rotation,63.9,92.9,155.8,sub/90/DNP/sub/90,2,,Fit,Rotation CM; Danish Superliga,3,155.8
John Yeboah,MID,AM,Venezia,Ecuador,E,100,3,Squad Player,40.0,31,52,10,Fit,Venezia AM/RW; pace and directness from wide; Serie A experience; squad depth,64.9,97.4,163.5,sub/DNP/90/sub/DNP,1,,Fit,Rotation winger/AM; Venezia Serie A,3,163.5
Jordy Alcívar,MID,CM,Independiente del Valle,Ecuador,E,100,4,Depth,14.0,9,52,10,Fit,IDV CM; domestic depth option; fringe squad member; limited WC minutes expected,63.9,126.8,71.8,sub/DNP/sub/DNP/sub,0,,Fit,Fringe CM; IDV LigaPro,4,71.8
Enner Valencia,FWD,,Pachuca,Ecuador,E,100,1,Automatic Starter,85.0,54,52,10,Fit,Pachuca ST; Ecuador all-time top scorer (42 goals); 36 yrs; irreplaceable captain and leader; fitness managed carefully,39.9,67.9,233.1,90/90/sub/90/90,4,,Fit; age-managed; 36 yrs,Undisputed captain-striker; Ecuador all-time top scorer,1,233.1
Gonzalo Plata,FWD,,Flamengo,Ecuador,E,100,1,Automatic Starter,85.0,54,52,10,Fit,Flamengo RW; key wide threat; pace and directness; Brazilian Série A quality; Ecuador regular starter,57.6,85.6,293.9,90/90/90/sub/90,4,,Fit,First-choice winger; Flamengo Série A Brazil,1,293.9
Nilson Angulo,FWD,,Sunderland,Ecuador,E,100,2,Regular Starter,72.0,44,52,10,Fit,Sunderland LW; left wing option; Championship quality; strong market value; regular Ecuador option,53.7,86.7,250.5,90/sub/90/90/sub,3,,Fit,Regular LW; Sunderland Championship,2,250.5
Kevin Rodríguez,FWD,,Union Saint-Gilloise,Ecuador,E,100,2,Regular Starter,72.0,44,52,10,Fit,Union Saint-Gilloise RW/ST; versatile attacker; 18 qualifying appearances; Belgian Pro League quality,45.2,78.1,225.8,90/sub/90/sub/90,3,,Fit,Regular attacker; Union Saint-Gilloise Belgian Pro League,2,225.8
Leonardo Campana,FWD,,New England Revolution,Ecuador,E,100,3,Squad Player,40.0,31,52,10,Fit,New England Revolution ST; backup striker; MLS experience; physical depth option behind Valencia,45.2,77.7,130.3,sub/90/DNP/sub/90,2,,Fit,Backup ST; New England Revolution MLS,3,130.3
Jordy Caicedo,FWD,,CA Huracán,Ecuador,E,100,3,Squad Player,40.0,31,52,10,Fit,CA Huracán ST; depth striker; Argentine Primera División; squad rotation option,45.2,77.7,130.3,sub/DNP/sub/90/DNP,1,,Fit,Depth ST; Argentine Primera División,3,130.3
Jeremy Arévalo,FWD,,VfB Stuttgart,Ecuador,E,100,4,Depth,14.0,9,52,10,Fit,VfB Stuttgart ST/RW; 21 yrs; developing talent; Bundesliga depth; fringe squad selection,45.2,110.6,62.7,sub/DNP/DNP/sub/DNP,0,,Fit,Young fringe forward; Stuttgart Bundesliga,4,62.7
Maxime Crépeau,GK,,Orlando City SC,Canada,B,100,GK1,Starting GK,90.0,93,63,10,Fit,Orlando City GK; Canada No.1 with slight edge over St. Clair; experienced WC GK; reliable and commanding,27.8,58.1,234.5,90/90/90/90/90,5,,Fit,Undisputed GK1; Orlando City MLS,GK1,234.5
Dayne St. Clair,GK,,Inter Miami CF,Canada,B,100,GK2,Backup GK,10.0,10,63,10,Fit,Inter Miami GK; strong competition with Crépeau for starting role; capable of stepping in,27.8,39.3,17.4,90/DNP/90/DNP/90,3,,Fit,Backup GK; Inter Miami MLS,GK2,17.4
Owen Goodman,GK,,Barnsley,Canada,B,100,GK3,Third GK,0.0,0,63,10,Fit,Barnsley GK (Crystal Palace loan); Canada No.3; developmental pick; no WC minutes expected,0.0,0.0,0.0,DNP/DNP/90/DNP/DNP,1,,Fit,Third GK; Barnsley Championship,GK3,0.0
Alphonso Davies,DEF,LB,Bayern Munich,Canada,B,100,1,Automatic Starter,87.5,93,63,10,Doubtful,"Bayern Munich LB; Canada captain and best player; hamstring strain (May, UCL semi); confirmed in squad; NOT for opener vs Bosnia; targeting return G2 vs Qatar",56.5,85.3,336.7,90/90/DNP/sub/90,3,Hamstring strain May 2026 (UCL semi),Hamstring; confirmed in squad; NOT opener; targeting G2+ return,,1,336.7
Alistair Johnston,DEF,RB,Celtic,Canada,B,100,1,Automatic Starter,87.5,93,63,10,Fit,Celtic RB; Canada first-choice right-back; missed most of season with hamstring but now fit; solid and reliable,55.5,84.2,332.7,90/90/sub/90/90,4,,Fit; returned from hamstring; match-sharp,First-choice RB; Celtic Scottish Prem,1,332.7
Moïse Bombito,DEF,CB,OGC Nice,Canada,B,100,1,Automatic Starter,87.5,93,63,10,Fit,OGC Nice CB; Canada best centre-back by distance; broken leg Oct 2025; recovered and expected fit; Ligue 1 quality,50.0,78.8,311.2,90/90/90/DNP/sub,3,,Fit; returned from broken leg Oct 2025; expected to start,First-choice CB; OGC Nice Ligue 1,1,311.2
Derek Cornelius,DEF,CB,Rangers,Canada,B,100,2,Regular Starter,74.0,76,63,10,Fit,Rangers CB; experienced Canada international; covers for Bombito; no club football since November 2025 — match-sharpness concern,50.0,84.8,280.7,sub/DNP/90/DNP/sub,1,No club football since Nov 2025,Fit but match-sharpness uncertain; no club football since Nov 2025,Rotation CB; Rangers Scottish Prem,2,280.7
Richie Laryea,DEF,LB,Toronto FC,Canada,B,100,2,Regular Starter,74.0,76,63,10,Fit,Toronto FC LB/RB; will start opener at LB covering for Davies; versatile full-back; Canada regular,55.5,90.2,298.6,90/90/sub/90/90,4,,Fit,Starter with Davies out; Toronto FC MLS,2,298.6
Luc de Fougerolles,DEF,CB,FCV Dender,Canada,B,100,2,Regular Starter,74.0,76,63,10,Fit,FCV Dender CB; 20 yrs; improving young option; Belgian First Division B; rotation CB cover,50.0,84.8,280.7,90/sub/90/sub/90,3,,Fit,Young rotation CB; FCV Dender Belgian Pro League,2,280.7
Niko Sigur,DEF,RB,Hajduk Split,Canada,B,100,3,Squad Player,42.0,54,63,10,Fit,Hajduk Split RB/CM; versatile; covers right-back and midfield; HNL experience; squad depth,55.5,82.4,164.8,sub/90/DNP/sub/90,2,,Fit,Versatile depth; Hajduk Split HNL,3,164.8
Joel Waterman,DEF,CB,Chicago Fire,Canada,B,100,3,Squad Player,42.0,54,63,10,Fit,Chicago Fire CB; veteran depth CB; MLS experience; squad rotation cover,50.0,77.0,153.9,sub/DNP/90/sub/DNP,1,,Fit,Depth CB; Chicago Fire MLS,3,153.9
Stephen Eustáquio,MID,CM,LAFC,Canada,B,100,1,Automatic Starter,87.5,93,63,10,Fit,LAFC CM; Canada heartbeat and captain for opener; Porto-owned; returned from hematoma injury; commanding presence,60.6,86.8,343.0,90/90/90/sub/90,4,,Fit; returned from hematoma injury,Undisputed starter; LAFC MLS,1,343.0
Ismaël Koné,MID,CM,US Sassuolo,Canada,B,100,1,Automatic Starter,87.5,93,63,10,Fit,Sassuolo CM; breakout Serie A season; key midfield partner for Eustáquio; dynamic box-to-box quality,56.4,82.7,326.5,90/90/90/90/sub,4,,Fit,Key starter; Sassuolo Serie A,1,326.5
Ali Ahmed,MID,AM,Norwich City,Canada,B,100,2,Regular Starter,74.0,76,63,10,Fit,Norwich City AM/LW; 4 goals/3 assists in Championship season; strong form; left-channel creative option,64.9,96.8,320.6,90/sub/90/90/sub,3,,Fit,Regular AM/LW; Norwich City Championship,2,320.6
Jonathan Osorio,MID,CM,Toronto FC,Canada,B,100,2,Regular Starter,74.0,76,63,10,Fit,Toronto FC CM; veteran culture leader; experienced Canadian international; reliable depth option,63.9,95.3,315.6,90/sub/90/sub/90,3,,Fit,Veteran rotation CM; Toronto FC MLS,2,315.6
Mathieu Choinière,MID,AM,LAFC,Canada,B,100,3,Squad Player,42.0,54,63,10,Fit,LAFC AM/LW; rotation winger option; squad depth in wide creative areas,64.9,97.4,194.7,sub/90/DNP/sub/90,2,,Fit,Rotation AM/LW; LAFC MLS,3,194.7
Nathan Saliba,MID,CM,RSC Anderlecht,Canada,B,100,3,Squad Player,42.0,54,63,10,Fit,Anderlecht CM; young depth option; Belgian Pro League experience; limited WC minutes expected,63.9,93.0,186.1,sub/DNP/sub/90/DNP,1,,Fit,Young depth CM; RSC Anderlecht Belgian Pro League,3,186.1
Marcelo Flores,MID,AM,Tigres UANL,Canada,B,100,3,Squad Player,42.0,54,63,10,Fit,Tigres UANL AM; creative playmaker; major talent despite limited competitive intl appearances; squad rotation,64.9,97.4,194.7,sub/90/DNP/sub/DNP,1,,Fit,Creative rotation AM; Tigres UANL Liga MX,3,194.7
Jonathan David,FWD,,Juventus,Canada,B,100,1,Automatic Starter,87.5,93,63,10,Fit,Juventus ST; Canada best player; prolific goalscorer; joined Juventus summer 2025; should play every minute available,38.8,65.9,260.4,90/90/90/90/90,5,,Fit,Undisputed No.1 striker; Juventus Serie A,1,260.4
Tajon Buchanan,FWD,,Villarreal,Canada,B,100,1,Automatic Starter,87.5,93,63,10,Fit,Villarreal RW; rock-solid starter; 7 goals / 1 assist in 32 La Liga matches; pace and directness key weapon,57.3,84.5,333.8,90/90/90/90/sub,4,,Fit,First-choice winger; Villarreal La Liga,1,333.8
Cyle Larin,FWD,,Southampton,Canada,B,100,2,Regular Starter,74.0,76,63,10,Fit,Southampton ST; 9 goals in 21 Championship matches; David main backup; physical target-man presence,41.0,72.9,241.2,90/sub/90/90/sub,3,,Fit,Main backup striker; Southampton Championship,2,241.2
Liam Millar,FWD,,Hull City,Canada,B,100,2,Regular Starter,74.0,76,63,10,Fit,Hull City LW; promotion playoff finalist; adds left-side width and versatility; Canada regular,65.7,97.6,323.3,90/sub/90/90/90,4,,Fit,Regular LW; Hull City Championship,2,323.3
Tani Oluwaseyi,FWD,,Villarreal,Canada,B,100,2,Regular Starter,74.0,76,63,10,Fit,Villarreal ST/RW; Larin understudy; pace and pressing; young and developing; La Liga experience,65.7,97.6,323.3,sub/90/sub/90/sub,2,,Fit,Rotation forward; Villarreal La Liga,2,323.3
Promise David,FWD,,Union Saint-Gilloise,Canada,B,100,3,Squad Player,42.0,54,63,10,Doubtful,Union Saint-Gilloise LW/ST; hip surgery; recovering ahead of schedule but fitness timeline tight for group stage,65.7,98.2,196.3,sub/DNP/sub/DNP/90,1,Hip surgery recovery,Hip surgery; recovering ahead of schedule; tight fitness timeline for group stage,,3,196.3
Daniel Jebbison,FWD,,Preston North End,Canada,B,100,3,Squad Player,42.0,54,63,10,Fit,Preston North End ST; physical depth striker; Championship experience; squad rotation option,45.2,77.6,155.2,sub/90/DNP/sub/90,2,,Fit,Depth ST; Preston Championship,3,155.2
Jacen Russell-Rowe,FWD,,Toulouse FC,Canada,B,100,4,Depth,16.0,16,63,10,Fit,Toulouse FC ST; fringe selection; Ligue 1 experience; limited WC minutes expected,45.2,108.2,76.9,sub/DNP/DNP/sub/DNP,0,,Fit,Fringe striker; Toulouse Ligue 1,4,76.9
Mathew Ryan,GK,,Levante,Australia,D,100,GK1,Starting GK,90.0,25,40,10,Fit,Levante GK; Australia captain; experienced international; commanding shot-stopper; Socceroos No.1,27.8,27.8,91.0,90/90/90/90/90,5,,Fit,Undisputed GK1 and captain; Levante La Liga 2,GK1,91.0
Patrick Beach,GK,,Melbourne City,Australia,D,100,GK2,Backup GK,5.0,5,40,10,Fit,Melbourne City GK; Australia No.2; domestic experience; no WC starts expected,27.8,27.8,6.2,90/DNP/DNP/90/DNP,2,,Fit,Backup GK; Melbourne City A-League,GK2,6.2
Paul Izzo,GK,,Randers FC,Australia,D,100,GK3,Third GK,0.0,0,40,10,Fit,Randers FC GK; Australia No.3; Danish Superliga experience; no WC minutes expected,0.0,0.0,0.0,DNP/DNP/90/DNP/DNP,1,,Fit,Third GK; Randers FC Danish Superliga,GK3,0.0
Harry Souttar,DEF,CB,Leicester City,Australia,D,100,1,Automatic Starter,83.0,25,40,10,Fit,Leicester City CB; Australia defensive leader; powerful and commanding; injury-prone history but fit now; key to backline,46.1,46.1,140.5,90/90/90/90/90,5,,Fit,First-choice CB; Leicester City Championship,1,140.5
Cameron Burgess,DEF,CB,Swansea City,Australia,D,100,1,Automatic Starter,83.0,25,40,10,Fit,Swansea City CB; regular Australia starting CB partner; Championship quality; reliable and consistent,50.0,50.0,152.3,90/90/90/sub/90,4,,Fit,Regular CB; Swansea City Championship,1,152.3
Aziz Behich,DEF,LB,Melbourne City,Australia,D,100,1,Automatic Starter,83.0,25,40,10,Fit,Melbourne City LB; Australia first-choice left-back; experienced international; attacking and reliable,55.5,55.5,168.8,90/90/90/90/90,5,,Fit,First-choice LB; Melbourne City A-League,1,168.8
Jason Geria,DEF,RB,Albirex Niigata,Australia,D,100,1,Automatic Starter,83.0,25,40,10,Fit,Albirex Niigata RB; Australia regular right-back starter; solid defensive presence; J-League experience,55.5,55.5,168.8,90/90/sub/90/90,4,,Fit,Regular RB; Albirex Niigata J-League,1,168.8
Alessandro Circati,DEF,CB,Parma,Australia,D,100,2,Regular Starter,68.0,21,40,10,Fit,Parma CB; young and improving Australia defender; Serie A experience; rotation CB cover,50.0,50.0,125.1,90/sub/90/sub/90,3,,Fit,Rotation CB; Parma Serie A,2,125.1
Jordan Bos,DEF,LB,Feyenoord,Australia,D,100,2,Regular Starter,68.0,21,40,10,Fit,Feyenoord LB; young Australia left-back option; Eredivisie quality; covers for Behich,55.5,55.5,138.6,sub/90/90/sub/90,3,,Fit,Rotation LB; Feyenoord Eredivisie,2,138.6
Milos Degenek,DEF,CB,APOEL,Australia,D,100,3,Squad Player,36.0,15,40,10,Fit,APOEL CB; veteran Australia international; experienced squad depth; reliable cover,50.0,50.0,68.4,sub/90/DNP/sub/90,2,,Fit,Veteran depth CB; APOEL Cypriot First Division,3,68.4
Kye Rowles,DEF,CB,DC United,Australia,D,100,3,Squad Player,36.0,15,40,10,Fit,DC United CB/RB; versatile squad defender; MLS experience; can cover multiple defensive positions,50.0,50.0,68.4,sub/DNP/90/sub/DNP,1,,Fit,Versatile depth defender; DC United MLS,3,68.4
Lucas Herrington,DEF,CB,Unattached,Australia,D,100,4,Depth,10.0,4,40,10,Fit,18 yrs; young Australia CB call-up; developmental squad inclusion; no WC minutes expected,50.0,50.0,18.9,sub/DNP/DNP/sub/DNP,0,,Fit,Young depth CB; developmental call-up,4,18.9
Kai Trewin,DEF,CB,New York City FC,Australia,D,100,4,Depth,10.0,4,40,10,Fit,NYCFC CB; depth cover; MLS experience; limited WC minutes expected,50.0,50.0,18.9,sub/DNP/sub/DNP/DNP,0,,Fit,Fringe depth CB; NYCFC MLS,4,18.9
Jackson Irvine,MID,CM,St Pauli,Australia,D,100,1,Automatic Starter,83.0,25,40,10,Fit,St Pauli CM; Australia vice-captain; engine of the team; box-to-box quality; Bundesliga experience,59.2,59.2,180.3,90/90/90/90/90,5,,Fit,Vice-captain; St Pauli Bundesliga,1,180.3
Ajdin Hrustic,MID,CM,Heracles Almelo,Australia,D,100,1,Automatic Starter,83.0,25,40,10,Fit,Heracles Almelo CM; key creator; 6 assists in Eredivisie season; technical quality and vision; Australia starter,62.3,62.3,189.6,90/90/sub/90/90,4,,Fit,Key creator; Heracles Almelo Eredivisie,1,189.6
Aiden O'Neill,MID,DM,New York City FC,Australia,D,100,1,Automatic Starter,83.0,25,40,10,Fit,NYCFC CM/DM; regular Australia starter; industrious defensive midfielder; anchors midfield,66.5,66.5,202.6,90/90/90/sub/90,4,,Fit,Regular DM/CM; NYCFC MLS,1,202.6
Connor Metcalfe,MID,CM,St Pauli,Australia,D,100,2,Regular Starter,68.0,21,40,10,Fit,St Pauli CM; squad regular; Bundesliga experience alongside club teammate Irvine; rotation option,63.9,63.9,159.8,90/sub/90/sub/90,3,,Fit,Rotation CM; St Pauli Bundesliga,2,159.8
Cameron Devlin,MID,CM,Hearts,Australia,D,100,3,Squad Player,36.0,15,40,10,Fit,Hearts CM; squad rotation option; Scottish Premiership experience; depth midfield cover,63.9,63.9,87.4,sub/90/DNP/sub/90,2,,Fit,Depth CM; Hearts Scottish Prem,3,87.4
Martin Boyle,FWD,,Hibernian,Australia,D,100,1,Automatic Starter,83.0,25,40,10,Fit,Hibernian RW/LW; key wide attacker; direct and pacy; Socceroos regular; Scottish Prem form,54.9,54.9,167.2,90/90/90/90/sub,4,,Fit,First-choice winger; Hibernian Scottish Prem,1,167.2
Mohamed Toure,FWD,,Norwich City,Australia,D,100,1,Automatic Starter,83.0,25,40,10,Fit,Norwich City ST; Australia main striker option; Championship quality; physical and effective in front of goal,36.1,36.1,109.9,90/90/sub/90/90,4,,Fit,First-choice striker; Norwich City Championship,1,109.9
Nestory Irankunda,FWD,,Watford,Australia,D,100,2,Regular Starter,68.0,21,40,10,Fit,Watford winger (loan from Bayern Munich); exciting 20yo; started season at Bayern; direct and pacy; major talent,56.5,56.5,141.3,90/sub/90/90/sub,3,,Fit,Exciting rotation winger; Watford / Bayern Munich,2,141.3
Mathew Leckie,FWD,,Melbourne City,Australia,D,100,2,Regular Starter,68.0,21,40,10,Fit,Melbourne City RW; veteran winger (35); experienced Socceroos attacker; rotation wide option alongside Boyle,65.7,65.7,164.3,90/sub/90/sub/90,3,,"Fit; 35 yrs, managed carefully",Veteran winger; Melbourne City A-League,2,164.3
Kusini Yengi,FWD,,Machida Zelvia,Australia,D,100,2,Regular Starter,68.0,21,40,10,Fit,Machida Zelvia ST (J-League loan); backup striker option; physical and direct; Australia squad depth,45.2,45.2,112.9,sub/90/sub/90/sub,2,,Fit,Rotation striker; Machida Zelvia J-League,2,112.9
Jacob Italiano,FWD,,Grazer AK,Australia,D,100,3,Squad Player,36.0,15,40,10,Fit,Grazer AK ST/RW; Austrian Bundesliga experience; squad depth option; limited WC minutes expected,45.2,45.2,61.7,sub/90/DNP/sub/DNP,1,,Fit,Depth forward; Grazer AK Austrian Bundesliga,3,61.7
Brandon Borrello,FWD,,Western Sydney Wanderers,Australia,D,100,3,Squad Player,36.0,15,40,10,Fit,Western Sydney Wanderers LW; experienced A-League winger; squad depth and rotation cover,65.7,65.7,89.8,sub/DNP/90/sub/DNP,1,,Fit,Depth LW; Western Sydney Wanderers A-League,3,89.8
Nishan Velupillay,FWD,,Melbourne Victory,Australia,D,100,3,Squad Player,36.0,15,40,10,Fit,Melbourne Victory LW/RW; squad rotation winger; A-League experience; limited WC minutes expected,65.7,65.7,89.8,sub/DNP/sub/90/DNP,1,,Fit,Fringe winger; Melbourne Victory A-League,3,89.8
Alireza Beiranvand,GK,,Tractor SC,Iran,G,100,GK1,Starting GK,90.0,43,48,10,Fit,Tractor SC GK; Iran undisputed No.1; experienced and commanding; strong shot-stopper,27.8,27.8,96.5,90/90/90/90/90,5,,Fit,Undisputed GK1; Tractor SC Iranian Pro League,GK1,96.5
Hossein Hosseini,GK,,Sepahan,Iran,G,100,GK2,Backup GK,5.0,5,48,10,Fit,Sepahan GK; Iran No.2; domestic league experience; no WC starts expected,27.8,27.8,6.2,90/DNP/DNP/90/DNP,2,,Fit,Backup GK; Sepahan Iranian Pro League,GK2,6.2
Payam Niazmand,GK,,Persepolis,Iran,G,100,GK3,Third GK,0.0,0,48,10,Fit,Persepolis GK; Iran No.3; no WC minutes expected,0.0,0.0,0.0,DNP/DNP/90/DNP/DNP,1,,Fit,Third GK; Persepolis Iranian Pro League,GK3,0.0
Ehsan Hajsafi,DEF,LB,Sepahan,Iran,G,100,1,Automatic Starter,85.0,43,48,10,Fit,Sepahan LB; Iran captain; experienced leader and set-piece specialist; 4th World Cup; vital presence,55.5,55.5,183.6,90/90/90/90/90,5,,Fit,Captain and first-choice LB; Sepahan Iranian Pro League,1,183.6
Ramin Rezaeian,DEF,RB,Foolad,Iran,G,100,1,Automatic Starter,85.0,43,48,10,Fit,Foolad RB; Iran regular right-back; experienced international; consistent defensive performer,55.5,55.5,183.6,90/90/90/sub/90,4,,Fit,First-choice RB; Foolad Iranian Pro League,1,183.6
Shojae Khalilzadeh,DEF,CB,Tractor SC,Iran,G,100,1,Automatic Starter,85.0,43,48,10,Fit,Tractor SC CB; key Iran centre-back; physical and commanding; experienced international,50.0,50.0,165.7,90/90/90/90/sub,4,,Fit,Key CB; Tractor SC Iranian Pro League,1,165.7
Hossein Kanaanizadegan,DEF,CB,Persepolis,Iran,G,100,1,Automatic Starter,85.0,43,48,10,Fit,Persepolis CB; regular Iran defensive partner; strong and well-organized; Persepolis captain,50.0,50.0,165.7,90/90/sub/90/90,4,,Fit,Regular CB; Persepolis Iranian Pro League,1,165.7
Milad Mohammadi,DEF,LB,Persepolis,Iran,G,100,2,Regular Starter,70.0,35,48,10,Fit,Persepolis LB; rotation left-back; covers for Hajsafi; experienced Iranian league performer,55.5,55.5,151.0,90/sub/90/sub/90,3,,Fit,Rotation LB; Persepolis Iranian Pro League,2,151.0
Ali Nemati,DEF,CB,Foolad,Iran,G,100,2,Regular Starter,70.0,35,48,10,Fit,Foolad CB; rotation centre-back; squad depth behind main CB pairing; reliable domestic performer,50.0,50.0,136.2,sub/90/90/sub/90,3,,Fit,Rotation CB; Foolad Iranian Pro League,2,136.2
Saleh Hardani,DEF,CB,Esteghlal,Iran,G,100,3,Squad Player,37.0,25,48,10,Fit,Esteghlal CB; squad depth defender; domestic experience; rotation cover,50.0,50.0,75.6,sub/DNP/90/sub/90,2,,Fit,Depth CB; Esteghlal Iranian Pro League,3,75.6
Danial Eiri,DEF,CB,Malavan Bandar Anzali,Iran,G,100,3,Squad Player,37.0,25,48,10,Fit,Malavan CB/RB; versatile defensive depth; domestic experience; squad rotation option,50.0,50.0,75.6,sub/90/DNP/sub/DNP,1,,Fit,Depth CB/RB; Malavan Iranian Pro League,3,75.6
Omid Noorafkan,DEF,RB,Foolad,Iran,G,100,3,Squad Player,37.0,25,48,10,Fit,Foolad RB/CB; squad rotation defender; covers right-back and CB; domestic experience,55.5,55.5,83.8,sub/DNP/90/sub/DNP,1,,Fit,Rotation RB/CB; Foolad Iranian Pro League,3,83.8
Saeid Ezatolahi,MID,DM,Shabab Al-Ahli,Iran,G,100,1,Automatic Starter,85.0,43,48,10,Fit,Shabab Al-Ahli DM; anchors Iran midfield; experienced in UAE Pro League; industrious and disciplined,60.4,60.4,200.1,90/90/90/90/90,5,,Fit,Midfield anchor; Shabab Al-Ahli UAE Pro League,1,200.1
Alireza Jahanbakhsh,MID,AM,FCV Dender,Iran,G,100,1,Automatic Starter,85.0,43,48,10,Fit,FCV Dender AM/RW; key Iran European player; experienced Brighton/Feyenoord veteran; creative wide threat,61.1,61.1,202.3,90/sub/90/90/sub,3,,Fit,Key European player; FCV Dender Belgian Pro League,1,202.3
Saman Ghoddos,MID,AM,Kalba FC,Iran,G,100,2,Regular Starter,70.0,35,48,10,Fit,Kalba FC AM; formerly Brentford; creative and technical; regular Iran squad member; quality in tight spaces,56.2,56.2,153.1,90/sub/90/sub/90,3,,Fit,Regular AM; Kalba FC UAE Pro League,2,153.1
Mehdi Torabi,MID,CM,Tractor SC,Iran,G,100,2,Regular Starter,70.0,35,48,10,Fit,Tractor SC CM/RW; Iran midfield regular; versatile right-side option; domestic top performer,63.9,63.9,174.0,90/90/sub/90/sub,3,,Fit,Regular CM/RW; Tractor SC Iranian Pro League,2,174.0
Mohammad Ghorbani,MID,CM,Al Wahda,Iran,G,100,2,Regular Starter,70.0,35,48,10,Fit,Al Wahda CM; UAE Pro League experience; Iran midfield depth option; regular squad contributor,63.9,63.9,174.0,sub/90/90/sub/90,3,,Fit,Rotation CM; Al Wahda UAE Pro League,2,174.0
Mehdi Ghayedi,MID,AM,Al-Nasr,Iran,G,100,2,Regular Starter,70.0,35,48,10,Fit,Al-Nasr AM; technically gifted attacking midfielder; UAE Pro League; creative option behind Taremi,64.9,64.9,176.8,90/sub/90/sub/sub,2,,Fit,Rotation AM; Al-Nasr UAE Pro League,2,176.8
Mohammad Mohebi,MID,CM,FK Rostov,Iran,G,100,3,Squad Player,37.0,25,48,10,Fit,FK Rostov CM; Russian Premier League experience; Iran depth midfielder; squad rotation option,63.9,63.9,96.6,sub/90/DNP/sub/90,2,,Fit,Depth CM; FK Rostov RPL,3,96.6
Amir Mohammad Razzaghinia,MID,CM,Esteghlal,Iran,G,100,3,Squad Player,37.0,25,48,10,Fit,Esteghlal CM; domestic depth option; squad rotation cover; limited WC minutes expected,63.9,63.9,96.6,sub/DNP/90/sub/DNP,1,,Fit,Depth CM; Esteghlal Iranian Pro League,3,96.6
Mehdi Taremi,FWD,,Olympiacos,Iran,G,100,1,Automatic Starter,85.0,43,48,10,Fit,Olympiacos ST; Iran star striker (3rd WC); moved from Inter to Olympiacos; prolific goalscorer; unplayable at his best,50.6,50.6,167.4,90/90/90/90/90,5,,Fit,Undisputed striker; Olympiacos Greek Super League,1,167.4
Ali Alipour,FWD,,Persepolis,Iran,G,100,2,Regular Starter,70.0,35,48,10,Fit,Persepolis ST; backup striker to Taremi; domestic top scorer; physical and goalscoring threat,45.2,45.2,123.0,90/sub/90/sub/90,3,,Fit,Backup ST; Persepolis Iranian Pro League,2,123.0
Amirhossein Hosseinzadeh,FWD,,Tractor SC,Iran,G,100,2,Regular Starter,70.0,35,48,10,Fit,Tractor SC ST/LW; versatile attacker; can play wide left or as second striker; domestic experience,65.7,65.7,179.0,sub/90/90/sub/90,3,,Fit,Rotation attacker; Tractor SC Iranian Pro League,2,179.0
Amirhossein Mahmoudi,FWD,,Persepolis,Iran,G,100,3,Squad Player,37.0,25,48,10,Fit,Persepolis ST; depth striker; domestic experience; squad rotation option behind Taremi and Alipour,45.2,45.2,68.3,sub/90/DNP/sub/DNP,1,,Fit,Depth ST; Persepolis Iranian Pro League,3,68.3
Dennis Eckert Dargahi,FWD,,Standard Liège,Iran,G,100,3,Squad Player,37.0,25,48,10,Fit,Standard Liège ST; Iranian-German; called up as Azmoun replacement option; Belgian Pro League; physical depth,45.2,45.2,68.3,sub/DNP/90/sub/DNP,1,,Fit,Depth ST; Standard Liège Belgian Pro League,3,68.3
Shahriyar Moghanlou,FWD,,Kalba FC,Iran,G,100,3,Squad Player,37.0,25,48,10,Fit,Kalba FC ST; called up to replace injured Rouzbeh Cheshmi; UAE Pro League; fringe depth option,45.2,45.2,68.3,sub/DNP/sub/DNP/sub,0,,Fit,Replacement call-up; Kalba FC UAE Pro League,3,68.3
Orlando Mosquera,GK,,Al-Fayha,Panama,L,100,GK1,Starting GK,90.0,5,22,10,Fit,Al-Fayha GK; Panama undisputed No.1; Saudi Pro League experience; experienced international,27.8,27.8,84.8,90/90/90/90/90,5,,Fit,Undisputed GK1; Al-Fayha Saudi Pro League,GK1,84.8
Luis Mejía,GK,,Club Nacional,Panama,L,100,GK2,Backup GK,5.0,1,22,10,Fit,Club Nacional GK (Uruguay); Panama No.2; experienced backup; no WC starts expected,27.8,27.8,4.9,90/DNP/DNP/90/DNP,2,,Fit,Backup GK; Club Nacional Uruguayan Primera,GK2,4.9
César Samudio,GK,,CD Marathón,Panama,L,100,GK3,Third GK,0.0,0,22,10,Fit,CD Marathón GK; Panama No.3; Honduran league experience; no WC minutes expected,0.0,0.0,0.0,DNP/DNP/90/DNP/DNP,1,,Fit,Third GK; CD Marathón Liga Nacional Honduras,GK3,0.0
Michael Murillo,DEF,RB,Beşiktaş,Panama,L,100,1,Automatic Starter,78.0,5,22,10,Fit,Beşiktaş RB; Panama best outfield player; top-level European experience; dynamic and attacking right-back,41.0,41.0,108.7,90/90/90/90/90,5,,Fit,First-choice RB; Beşiktaş Turkish Super Lig,1,108.7
Fidel Escobar,DEF,CB,Deportivo Saprissa,Panama,L,100,1,Automatic Starter,78.0,5,22,10,Fit,Deportivo Saprissa CB; Panama veteran defensive leader; commanding and experienced; anchors backline,50.0,50.0,132.9,90/90/90/90/90,5,,Fit,Veteran CB leader; Saprissa Costa Rican Primera,1,132.9
Andrés Andrade,DEF,CB,LASK Linz,Panama,L,100,1,Automatic Starter,78.0,5,22,10,Fit,LASK Linz CB; Austria Bundesliga experience; reliable Panama starting centre-back; composed on the ball,50.0,50.0,132.9,90/90/sub/90/90,4,,Fit,Starting CB; LASK Austrian Bundesliga,1,132.9
José Córdoba,DEF,CB,Norwich City,Panama,L,100,1,Automatic Starter,78.0,5,22,10,Fit,Norwich City CB; rising star; Championship experience; youngest regular starter in Panama defence; strong in the air,50.0,50.0,132.9,90/90/90/sub/90,4,,Fit,Regular CB; Norwich City Championship,1,132.9
César Blackman,DEF,RB,Slovan Bratislava,Panama,L,100,2,Regular Starter,62.0,4,22,10,Fit,Slovan Bratislava RB/CB; versatile defender; Slovak Super Liga experience; rotation cover for Murillo,55.5,55.5,117.1,90/sub/90/sub/90,3,,Fit,Rotation RB/CB; Slovan Bratislava Slovak Super Liga,2,117.1
Éric Davis,DEF,CB,CD Plaza Amador,Panama,L,100,2,Regular Starter,62.0,4,22,10,Fit,CD Plaza Amador CB; domestic experience; Panama rotation CB; reliable squad depth,50.0,50.0,105.6,sub/90/90/sub/90,3,,Fit,Rotation CB; CD Plaza Amador LPF,2,105.6
Edgardo Fariña,DEF,LB,Pari Nizhny Novgorod,Panama,L,100,2,Regular Starter,62.0,4,22,10,Fit,Pari Nizhny Novgorod LB; Russia league experience; Panama regular left-back; solid and reliable,55.5,55.5,117.1,90/sub/90/90/sub,3,,Fit,Regular LB; Pari Nizhny Novgorod RPL,2,117.1
Jorge Gutiérrez,DEF,LB,Deportivo La Guaira,Panama,L,100,3,Squad Player,30.0,3,22,10,Fit,Deportivo La Guaira LB/CB; Venezuelan league experience; squad depth; rotation cover,55.5,55.5,57.3,sub/90/DNP/sub/90,2,,Fit,Depth LB/CB; Deportivo La Guaira Venezuelan Primera,3,57.3
Jiovany Ramos,DEF,CB,Puerto Cabello,Panama,L,100,3,Squad Player,30.0,3,22,10,Fit,Puerto Cabello CB; Venezuelan league; defensive depth; limited WC minutes expected,50.0,50.0,51.7,sub/DNP/90/sub/DNP,1,,Fit,Depth CB; Puerto Cabello Venezuelan Primera,3,51.7
Roderick Miller,DEF,CB,Turan Tovuz,Panama,L,100,4,Depth,8.0,1,22,10,Fit,Turan Tovuz CB/RB; Azerbaijani league; fringe depth option; minimal WC minutes expected,50.0,50.0,13.9,sub/DNP/DNP/sub/DNP,0,,Fit,Fringe CB/RB; Turan Tovuz Azerbaijani Premier League,4,13.9
Aníbal Godoy,MID,DM,San Diego FC,Panama,L,100,1,Automatic Starter,78.0,5,22,10,Fit,San Diego FC DM; Panama captain; record 159 caps; warrior in midfield; leads by example; MLS experience,58.7,58.7,155.9,90/90/90/90/90,5,,Fit,Captain; record-holder 159 caps; San Diego FC MLS,1,155.9
Adalberto Carrasquilla,MID,CM,UNAM Pumas,Panama,L,100,1,Automatic Starter,78.0,5,22,10,Doubtful,UNAM Pumas CM/AM; Panama creative engine; fitness described as critical concern heading into tournament; vital if fit,59.5,59.5,158.1,90/sub/90/DNP/90,3,Fitness concern (undisclosed),Critical fitness concern; closely monitored; vital player if available,,1,158.1
Yoel Bárcenas,MID,CM,Mazatlán FC,Panama,L,100,2,Regular Starter,62.0,4,22,10,Fit,Mazatlán FC CM/AM; creative option in wide areas; Liga MX experience; Panama regular,63.9,63.9,135.0,90/sub/90/90/sub,3,,Fit,Regular CM/AM; Mazatlán FC Liga MX,2,135.0
Carlos Harvey,MID,CM,Minnesota United,Panama,L,100,2,Regular Starter,62.0,4,22,10,Fit,Minnesota United CM; MLS experience; Panama regular midfielder; box-to-box engine,63.9,63.9,135.0,90/90/sub/90/sub,3,,Fit,Regular CM; Minnesota United MLS,2,135.0
Cristian Martínez,MID,CM,Hapoel Ironi Kiryat Shmona,Panama,L,100,2,Regular Starter,62.0,4,22,10,Fit,Hapoel Ironi Kiryat Shmona CM; Israeli league experience; Panama squad regular; reliable midfield cover,63.9,63.9,135.0,sub/90/90/sub/90,3,,Fit,Rotation CM; Israeli Premier League,2,135.0
Alberto Quintero,MID,AM,CD Plaza Amador,Panama,L,100,2,Regular Starter,62.0,4,22,10,Fit,CD Plaza Amador AM/LW; 38 yrs; veteran winger returning from injury; Panama experience and quality; wide creative option,64.9,64.9,137.1,sub/90/90/sub/90,3,,"Fit; returning from injury; 38 yrs, fitness managed",Veteran LW; Plaza Amador LPF,2,137.1
José Luis Rodríguez,MID,CM,FC Juárez,Panama,L,100,3,Squad Player,30.0,3,22,10,Fit,FC Juárez CM; Liga MX experience; Panama depth midfielder; squad rotation option,63.9,63.9,66.1,sub/90/DNP/sub/90,2,,Fit,Depth CM; FC Juárez Liga MX,3,66.1
César Yanis,MID,DM,Cobresal,Panama,L,100,3,Squad Player,30.0,3,22,10,Fit,Cobresal CM/DM; Chilean Primera experience; Panama depth option; defensive midfield cover,66.5,66.5,68.8,sub/DNP/90/sub/DNP,1,,Fit,Depth DM/CM; Cobresal Chilean Primera,3,68.8
Azarías Londoño,MID,CM,Universidad Católica,Panama,L,100,3,Squad Player,30.0,3,22,10,Fit,Universidad Católica CM; Chilean Primera experience; Panama squad depth; limited WC minutes expected,63.9,63.9,66.1,sub/DNP/sub/90/DNP,1,,Fit,Depth CM; Universidad Católica Chilean Primera,3,66.1
Ismael Díaz,FWD,,Club León,Panama,L,100,1,Automatic Starter,78.0,5,22,10,Fit,Club León ST/LW; Panama top scorer and key attacker; Liga MX quality; direct and dangerous in front of goal,38.0,38.0,100.8,90/90/90/90/sub,4,,Fit,First-choice attacker; Club León Liga MX,1,100.8
José Fajardo,FWD,,Universidad Católica,Panama,L,100,1,Automatic Starter,78.0,5,22,10,Fit,Universidad Católica ST; joint top scorer in CONCACAF qualifying; clinical finisher; Chilean Primera quality,37.5,37.5,99.7,90/90/sub/90/90,4,,Fit,Joint top qualifier scorer; U. Católica Chilean Primera,1,99.7
Cecilio Waterman,FWD,,Universidad de Concepción,Panama,L,100,2,Regular Starter,62.0,4,22,10,Fit,U. de Concepción RW/ST; physical wide attacker; pace and power; Panama regular; Chilean Primera,51.5,51.5,108.7,90/sub/90/90/sub,3,,Fit,Regular wide attacker; U. de Concepción Chilean Primera,2,108.7
Tomás Rodríguez,FWD,,Deportivo Saprissa,Panama,L,100,2,Regular Starter,62.0,4,22,10,Fit,"Deportivo Saprissa ST/RW; known as ""Puma""; joint top scorer in qualifying alongside Fajardo; Costa Rican Primera",65.7,65.7,138.8,90/sub/90/sub/90,3,,Fit,Joint top qualifier scorer; Saprissa Costa Rican Primera,2,138.8
